feature_id_standardized	baseMean	log2FoldChange	lfcSE	stat	pvalue	padj	gene_id	source_transcript_ids	gene_symbol	apeglm_log2FoldChange_ranking_only	absolute_shrunken_effect
NCBI:GeneID:105335286	34.9498765039781	8.78253768793719	1.28915486879903	6.81263198122886	9.582906905658289e-12	2.43742897854574e-10	NCBI:GeneID:105335286	XM_011439112.4	LOC105335286	9.54547666262877	9.54547666262877
NCBI:GeneID:105348281	39.0181723475764	-8.5009594038873	1.2342593924125	-6.88749824886581	5.67820719185754e-12	1.49017214966179e-10	NCBI:GeneID:105348281	XM_034471422.2;XM_034471423.2;XM_034471424.2	LOC105348281	-9.45845185932191	9.45845185932191
NCBI:GeneID:105326897	28.9865268332132	8.51232806278997	1.34205076557295	6.34277650380526	2.25660690310554e-10	4.5393308810287505e-09	NCBI:GeneID:105326897	XM_034464678.2;XM_066081976.1	LOC105326897	9.20220492411796	9.20220492411796
NCBI:GeneID:136273915	30.0509900809773	8.56910237058246	1.46223896001866	5.86026128757582	4.62139429287787e-09	7.17057999366344e-08	NCBI:GeneID:136273915	XM_066079637.1	LOC136273915	9.18261316100927	9.18261316100927
NCBI:GeneID:105340796	25.1862776046156	8.30811683342517	1.30322702869563	6.37503416556714	1.82922168424066e-10	3.73651530428294e-09	NCBI:GeneID:105340796	XM_011447014.4;XM_034471483.2	LOC105340796	8.98713002474752	8.98713002474752
NCBI:GeneID:136275165	28.0496680436722	-8.02425071272678	1.24416203999061	-6.4495222123859	1.1220331533538001e-10	2.36258925616921e-09	NCBI:GeneID:136275165	XR_010713695.1	LOC136275165	-8.88377347761352	8.88377347761352
NCBI:GeneID:117689320	19.8366902592633	7.98891168560355	1.29716143546367	6.15876441219357	7.33146951998276e-10	1.32662773578939e-08	NCBI:GeneID:117689320	XR_004601660.2	LOC117689320	8.61239486362203	8.61239486362203
NCBI:GeneID:136270812	19.881961012494	7.96743085636066	1.32866133839114	5.99658515390258	2.01509964772476e-09	3.39138863522041e-08	NCBI:GeneID:136270812	XR_010708670.1	LOC136270812	8.56163218207594	8.56163218207594
NCBI:GeneID:105329076	19.4560748935189	7.94391178535023	1.2983459878436	6.11848602739871	9.44685638777134e-10	1.66975925483766e-08	NCBI:GeneID:105329076	XM_011430231.4	LOC105329076	8.55741132542483	8.55741132542483
NCBI:GeneID:105348359	116.589854195539	8.52885136984292	1.05204023951289	8.10696306996006	5.19006268207188e-16	2.3371795905129998e-14	NCBI:GeneID:105348359	XM_011457739.4	LOC105348359	8.275374456249	8.275374456249
NCBI:GeneID:117685861	15.9092053979916	7.64263694320649	1.41960440801006	5.38363849822051	7.29950334305069e-08	8.82981436136791e-07	NCBI:GeneID:117685861	XM_066075687.1;XM_066075691.1	LOC117685861	8.09461954767447	8.09461954767447
NCBI:GeneID:136273712	14.9842563687535	7.55983208524378	1.35278708162503	5.58833846651062	2.29252486435688e-08	3.08378056092106e-07	NCBI:GeneID:136273712	XR_010711938.1	LOC136273712	8.04895117962862	8.04895117962862
NCBI:GeneID:136273852	13.7313647897804	7.45425363398445	1.33493978314038	5.58396245892732	2.35099474691377e-08	3.15386661579888e-07	NCBI:GeneID:136273852	XM_066079525.1	LOC136273852	7.93633772284428	7.93633772284428
NCBI:GeneID:117693079	13.4492940221368	7.40217854484907	1.35926606922982	5.44571715017006	5.15970729798623e-08	6.450122422858e-07	NCBI:GeneID:117693079	XM_066079352.1	LOC117693079	7.85155707703539	7.85155707703539
NCBI:GeneID:105333946	45.2855799629073	8.17808065626587	1.22475775522055	6.67730465180294	2.4337669152698897e-11	5.77516858193505e-10	NCBI:GeneID:105333946	XM_011437189.4;XM_066076551.1;XM_066076552.1	LOC105333946	7.79807103168925	7.79807103168925
NCBI:GeneID:117688221	15.1467882410154	-7.13470511656487	1.31285472194155	-5.4344970523574	5.49512054982755e-08	6.84781877825679e-07	NCBI:GeneID:117688221	XR_010710690.1	LOC117688221	-7.7467061759687	7.7467061759687
NCBI:GeneID:136274500	13.388039105589	7.39213092976745	1.465098065836	5.04548541981005	4.52371391849849e-07	4.53148976648782e-06	NCBI:GeneID:136274500	XR_010712886.1	LOC136274500	7.74309291982631	7.74309291982631
NCBI:GeneID:105337520	12.4271747342147	7.28285853006203	1.36606196825884	5.3312797656937	9.75230419268403e-08	1.14950716998121e-06	NCBI:GeneID:105337520	XM_066073470.1;XR_010710188.1;XR_010710189.1	LOC105337520	7.69781774036584	7.69781774036584
NCBI:GeneID:136276497	11.9608284379253	7.24673839854155	1.33280479046113	5.43720914751086	5.41215958994538e-08	6.75293010800868e-07	NCBI:GeneID:136276497	XR_010714967.1	LOC136276497	7.68335086149764	7.68335086149764
NCBI:GeneID:105347896	11.710043879243	7.19347904573371	1.45681749013148	4.93780387348624	7.90072394134594e-07	7.42623074828409e-06	NCBI:GeneID:105347896	XR_903464.4	LOC105347896	7.50193092196349	7.50193092196349
NCBI:GeneID:136276641	9.7162856925211	6.93421252107613	1.38276289903418	5.01475164391485	5.3102011936608e-07	5.23464310702463e-06	NCBI:GeneID:136276641	XM_066089163.1;XM_066089164.1	LOC136276641	7.24810973510251	7.24810973510251
NCBI:GeneID:136271734	8.79924596317315	6.79546594220931	1.39370946048545	4.87581245221824	1.08361526489233e-06	9.84896920118192e-06	NCBI:GeneID:136271734	XM_066072163.1	LOC136271734	7.06244416494583	7.06244416494583
NCBI:GeneID:117684693	44.6536993928671	7.31580533280666	1.08601095052908	6.73640107334332	1.62357742624101e-11	3.98138157469546e-10	NCBI:GeneID:117684693	XM_034457837.2;XM_066066246.1	LOC117684693	7.00996241818551	7.00996241818551
NCBI:GeneID:136274791	8.62554360675666	6.75912077394047	1.41245487952929	4.78537110947784	1.70671683731687e-06	1.4639345201124e-05	NCBI:GeneID:136274791	XR_010713217.1	LOC136274791	6.9968054008983	6.9968054008983
NCBI:GeneID:105341705	9.65046178353573	-6.48550017173016	1.3655192066444	-4.74947561350492	2.03944787109576e-06	1.71299788545534e-05	NCBI:GeneID:105341705	XM_066066930.1	LOC105341705	-6.86755248146173	6.86755248146173
