sample_comparison	feature_id_original	feature_type	molecular_direction	effect_size	effect_size_type	standard_error	p_value	adjusted_p_value	analysis_method	quality_flags
heat_35C_2h_vs_control_12C	CGI_10002387	gene	up	4.32192220592129	log2_fold_change			3.02612988199714e-86	DESeq2_publication_FDR_le_0.05_FC_ge_1.5	published_significant_deg;standard_error_unavailable;raw_p_value_unavailable;legacy_identifier_unmapped
heat_35C_2h_vs_control_12C	CGI_10002823	gene	up	2.00483026167558	log2_fold_change			1.13310897261583e-10	DESeq2_publication_FDR_le_0.05_FC_ge_1.5	published_significant_deg;standard_error_unavailable;raw_p_value_unavailable;legacy_identifier_unmapped
heat_35C_2h_vs_control_12C	CGI_10009093	gene	up	1.88452249870533	log2_fold_change			2.37451014773084e-14	DESeq2_publication_FDR_le_0.05_FC_ge_1.5	published_significant_deg;standard_error_unavailable;raw_p_value_unavailable;legacy_identifier_unmapped
heat_35C_2h_vs_control_12C	CGI_10002068	gene	up	1.87656832611718	log2_fold_change			1.52304541659241e-9	DESeq2_publication_FDR_le_0.05_FC_ge_1.5	published_significant_deg;standard_error_unavailable;raw_p_value_unavailable;legacy_identifier_unmapped
heat_35C_2h_vs_control_12C	CGI_10002950	gene	up	1.82167278936896	log2_fold_change			1.21669935295818e-14	DESeq2_publication_FDR_le_0.05_FC_ge_1.5	published_significant_deg;standard_error_unavailable;raw_p_value_unavailable;legacy_identifier_unmapped
heat_35C_2h_vs_control_12C	Crassostrea_gigas_newGene_40298	gene	up	1.77628600034683	log2_fold_change			9.90570218481327e-11	DESeq2_publication_FDR_le_0.05_FC_ge_1.5	published_significant_deg;standard_error_unavailable;raw_p_value_unavailable;legacy_identifier_unmapped
heat_35C_2h_vs_control_12C	Crassostrea_gigas_newGene_21273	gene	up	1.69251157968981	log2_fold_change			1.01349790384326e-7	DESeq2_publication_FDR_le_0.05_FC_ge_1.5	published_significant_deg;standard_error_unavailable;raw_p_value_unavailable;legacy_identifier_unmapped
heat_35C_2h_vs_control_12C	CGI_10010798	gene	up	1.66712091726567	log2_fold_change			1.30446050541416e-7	DESeq2_publication_FDR_le_0.05_FC_ge_1.5	published_significant_deg;standard_error_unavailable;raw_p_value_unavailable;legacy_identifier_unmapped
heat_35C_2h_vs_control_12C	CGI_10004164	gene	up	1.65480473530871	log2_fold_change			6.0996220494064e-7	DESeq2_publication_FDR_le_0.05_FC_ge_1.5	published_significant_deg;standard_error_unavailable;raw_p_value_unavailable;legacy_identifier_unmapped
heat_35C_2h_vs_control_12C	CGI_10022941	gene	up	1.45380139203642	log2_fold_change			0.0000409075948475865	DESeq2_publication_FDR_le_0.05_FC_ge_1.5	published_significant_deg;standard_error_unavailable;raw_p_value_unavailable;legacy_identifier_unmapped
heat_35C_2h_vs_control_12C	CGI_10014398	gene	up	1.44906365322868	log2_fold_change			0.000011742189911385	DESeq2_publication_FDR_le_0.05_FC_ge_1.5	published_significant_deg;standard_error_unavailable;raw_p_value_unavailable;legacy_identifier_unmapped
heat_35C_2h_vs_control_12C	Crassostrea_gigas_newGene_10935	gene	up	1.36790365978337	log2_fold_change			0.0000451790913442419	DESeq2_publication_FDR_le_0.05_FC_ge_1.5	published_significant_deg;standard_error_unavailable;raw_p_value_unavailable;legacy_identifier_unmapped
heat_35C_2h_vs_control_12C	CGI_10000009	gene	up	1.34183404400382	log2_fold_change			0.000172064886173032	DESeq2_publication_FDR_le_0.05_FC_ge_1.5	published_significant_deg;standard_error_unavailable;raw_p_value_unavailable;legacy_identifier_unmapped
heat_35C_2h_vs_control_12C	CGI_10002498	gene	up	1.30141863743261	log2_fold_change			0.000535510320690744	DESeq2_publication_FDR_le_0.05_FC_ge_1.5	published_significant_deg;standard_error_unavailable;raw_p_value_unavailable;legacy_identifier_unmapped
heat_35C_2h_vs_control_12C	Crassostrea_gigas_newGene_27362	gene	up	1.28556464692161	log2_fold_change			0.000166853018762477	DESeq2_publication_FDR_le_0.05_FC_ge_1.5	published_significant_deg;standard_error_unavailable;raw_p_value_unavailable;legacy_identifier_unmapped
heat_35C_2h_vs_control_12C	CGI_10011376	gene	up	1.28445374338731	log2_fold_change			0.000535510320690744	DESeq2_publication_FDR_le_0.05_FC_ge_1.5	published_significant_deg;standard_error_unavailable;raw_p_value_unavailable;legacy_identifier_unmapped
heat_35C_2h_vs_control_12C	CGI_10019809	gene	up	1.27775237093355	log2_fold_change			0.000910588943477272	DESeq2_publication_FDR_le_0.05_FC_ge_1.5	published_significant_deg;standard_error_unavailable;raw_p_value_unavailable;legacy_identifier_unmapped
heat_35C_2h_vs_control_12C	CGI_10007526	gene	up	1.2602749510712	log2_fold_change			0.000258126263478193	DESeq2_publication_FDR_le_0.05_FC_ge_1.5	published_significant_deg;standard_error_unavailable;raw_p_value_unavailable;legacy_identifier_unmapped
heat_35C_2h_vs_control_12C	CGI_10001116	gene	up	1.20582865199306	log2_fold_change			0.00129727761383455	DESeq2_publication_FDR_le_0.05_FC_ge_1.5	published_significant_deg;standard_error_unavailable;raw_p_value_unavailable;legacy_identifier_unmapped
heat_35C_2h_vs_control_12C	CGI_10001415	gene	up	1.19314715090126	log2_fold_change			0.00219541910182376	DESeq2_publication_FDR_le_0.05_FC_ge_1.5	published_significant_deg;standard_error_unavailable;raw_p_value_unavailable;legacy_identifier_unmapped
heat_35C_2h_vs_control_12C	CGI_10005393	gene	up	1.18695215416974	log2_fold_change			0.00028870537303819	DESeq2_publication_FDR_le_0.05_FC_ge_1.5	published_significant_deg;standard_error_unavailable;raw_p_value_unavailable;legacy_identifier_unmapped
heat_35C_2h_vs_control_12C	CGI_10008519	gene	up	1.15082836909143	log2_fold_change			0.00161732988744713	DESeq2_publication_FDR_le_0.05_FC_ge_1.5	published_significant_deg;standard_error_unavailable;raw_p_value_unavailable;legacy_identifier_unmapped
heat_35C_2h_vs_control_12C	CGI_10026431	gene	up	1.150120193386	log2_fold_change			4.247199380415e-17	DESeq2_publication_FDR_le_0.05_FC_ge_1.5	published_significant_deg;standard_error_unavailable;raw_p_value_unavailable;legacy_identifier_unmapped
heat_35C_2h_vs_control_12C	CGI_10028633	gene	up	1.15008253371278	log2_fold_change			0.000171909119430486	DESeq2_publication_FDR_le_0.05_FC_ge_1.5	published_significant_deg;standard_error_unavailable;raw_p_value_unavailable;legacy_identifier_unmapped
heat_35C_2h_vs_control_12C	CGI_10024054	gene	up	1.14936449688765	log2_fold_change			0.00278563136328532	DESeq2_publication_FDR_le_0.05_FC_ge_1.5	published_significant_deg;standard_error_unavailable;raw_p_value_unavailable;legacy_identifier_unmapped
heat_35C_2h_vs_control_12C	CGI_10005710	gene	up	1.14442264038905	log2_fold_change			0.00253200309668436	DESeq2_publication_FDR_le_0.05_FC_ge_1.5	published_significant_deg;standard_error_unavailable;raw_p_value_unavailable;legacy_identifier_unmapped
heat_35C_2h_vs_control_12C	CGI_10026819	gene	up	1.12766148886498	log2_fold_change			0.00246928936055532	DESeq2_publication_FDR_le_0.05_FC_ge_1.5	published_significant_deg;standard_error_unavailable;raw_p_value_unavailable;legacy_identifier_unmapped
heat_35C_2h_vs_control_12C	CGI_10004519	gene	up	1.11493106108162	log2_fold_change			0.0021989866667699	DESeq2_publication_FDR_le_0.05_FC_ge_1.5	published_significant_deg;standard_error_unavailable;raw_p_value_unavailable;legacy_identifier_unmapped
heat_35C_2h_vs_control_12C	CGI_10018622	gene	up	1.09405699083958	log2_fold_change			0.00975838955470098	DESeq2_publication_FDR_le_0.05_FC_ge_1.5	published_significant_deg;standard_error_unavailable;raw_p_value_unavailable;legacy_identifier_unmapped
heat_35C_2h_vs_control_12C	Crassostrea_gigas_newGene_11355	gene	up	1.08528308260682	log2_fold_change			0.00247261000388907	DESeq2_publication_FDR_le_0.05_FC_ge_1.5	published_significant_deg;standard_error_unavailable;raw_p_value_unavailable;legacy_identifier_unmapped
heat_35C_2h_vs_control_12C	CGI_10000078	gene	up	1.08382119739984	log2_fold_change			0.00232365649092962	DESeq2_publication_FDR_le_0.05_FC_ge_1.5	published_significant_deg;standard_error_unavailable;raw_p_value_unavailable;legacy_identifier_unmapped
heat_35C_2h_vs_control_12C	CGI_10013492	gene	up	1.07802949334133	log2_fold_change			0.0087281781458689	DESeq2_publication_FDR_le_0.05_FC_ge_1.5	published_significant_deg;standard_error_unavailable;raw_p_value_unavailable;legacy_identifier_unmapped
heat_35C_2h_vs_control_12C	CGI_10020024	gene	up	1.07316232370275	log2_fold_change			0.00566471180715218	DESeq2_publication_FDR_le_0.05_FC_ge_1.5	published_significant_deg;standard_error_unavailable;raw_p_value_unavailable;legacy_identifier_unmapped
heat_35C_2h_vs_control_12C	Crassostrea_gigas_newGene_6381	gene	up	1.07028647269187	log2_fold_change			0.00712669813533311	DESeq2_publication_FDR_le_0.05_FC_ge_1.5	published_significant_deg;standard_error_unavailable;raw_p_value_unavailable;legacy_identifier_unmapped
heat_35C_2h_vs_control_12C	CGI_10007687	gene	up	1.04694038240299	log2_fold_change			0.00219541910182376	DESeq2_publication_FDR_le_0.05_FC_ge_1.5	published_significant_deg;standard_error_unavailable;raw_p_value_unavailable;legacy_identifier_unmapped
heat_35C_2h_vs_control_12C	CGI_10007534	gene	up	1.04429000644448	log2_fold_change			0.0198410229088812	DESeq2_publication_FDR_le_0.05_FC_ge_1.5	published_significant_deg;standard_error_unavailable;raw_p_value_unavailable;legacy_identifier_unmapped
heat_35C_2h_vs_control_12C	Crassostrea_gigas_newGene_9842	gene	up	1.03568375119503	log2_fold_change			0.00787807456966405	DESeq2_publication_FDR_le_0.05_FC_ge_1.5	published_significant_deg;standard_error_unavailable;raw_p_value_unavailable;legacy_identifier_unmapped
heat_35C_2h_vs_control_12C	CGI_10011184	gene	up	1.02186405442204	log2_fold_change			0.000355689373601619	DESeq2_publication_FDR_le_0.05_FC_ge_1.5	published_significant_deg;standard_error_unavailable;raw_p_value_unavailable;legacy_identifier_unmapped
heat_35C_2h_vs_control_12C	CGI_10012725	gene	up	1.01594624031572	log2_fold_change			0.00214015591407583	DESeq2_publication_FDR_le_0.05_FC_ge_1.5	published_significant_deg;standard_error_unavailable;raw_p_value_unavailable;legacy_identifier_unmapped
heat_35C_2h_vs_control_12C	CGI_10012233	gene	up	1.0072302097516	log2_fold_change			0.00543689616774294	DESeq2_publication_FDR_le_0.05_FC_ge_1.5	published_significant_deg;standard_error_unavailable;raw_p_value_unavailable;legacy_identifier_unmapped
heat_35C_2h_vs_control_12C	Crassostrea_gigas_newGene_2604	gene	up	1.00719574495603	log2_fold_change			0.00688335137557883	DESeq2_publication_FDR_le_0.05_FC_ge_1.5	published_significant_deg;standard_error_unavailable;raw_p_value_unavailable;legacy_identifier_unmapped
heat_35C_2h_vs_control_12C	Crassostrea_gigas_newGene_20835	gene	up	0.997411932283091	log2_fold_change			0.0399834910251239	DESeq2_publication_FDR_le_0.05_FC_ge_1.5	published_significant_deg;standard_error_unavailable;raw_p_value_unavailable;legacy_identifier_unmapped
heat_35C_2h_vs_control_12C	CGI_10001358	gene	up	0.993074740412315	log2_fold_change			0.028553410973906	DESeq2_publication_FDR_le_0.05_FC_ge_1.5	published_significant_deg;standard_error_unavailable;raw_p_value_unavailable;legacy_identifier_unmapped
heat_35C_2h_vs_control_12C	CGI_10022922	gene	up	0.985206783982696	log2_fold_change			0.0315497182415748	DESeq2_publication_FDR_le_0.05_FC_ge_1.5	published_significant_deg;standard_error_unavailable;raw_p_value_unavailable;legacy_identifier_unmapped
heat_35C_2h_vs_control_12C	Crassostrea_gigas_newGene_37076	gene	up	0.982254123485799	log2_fold_change			0.0453296023650218	DESeq2_publication_FDR_le_0.05_FC_ge_1.5	published_significant_deg;standard_error_unavailable;raw_p_value_unavailable;legacy_identifier_unmapped
heat_35C_2h_vs_control_12C	CGI_10026192	gene	up	0.980638246030718	log2_fold_change			0.00103247907244512	DESeq2_publication_FDR_le_0.05_FC_ge_1.5	published_significant_deg;standard_error_unavailable;raw_p_value_unavailable;legacy_identifier_unmapped
heat_35C_2h_vs_control_12C	CGI_10022648	gene	up	0.980201326792849	log2_fold_change			0.0141512867028748	DESeq2_publication_FDR_le_0.05_FC_ge_1.5	published_significant_deg;standard_error_unavailable;raw_p_value_unavailable;legacy_identifier_unmapped
heat_35C_2h_vs_control_12C	CGI_10010647	gene	up	0.98009263620631	log2_fold_change			0.0155784156078768	DESeq2_publication_FDR_le_0.05_FC_ge_1.5	published_significant_deg;standard_error_unavailable;raw_p_value_unavailable;legacy_identifier_unmapped
heat_35C_2h_vs_control_12C	CGI_10027877	gene	up	0.969865254877932	log2_fold_change			0.0126852669706047	DESeq2_publication_FDR_le_0.05_FC_ge_1.5	published_significant_deg;standard_error_unavailable;raw_p_value_unavailable;legacy_identifier_unmapped
heat_35C_2h_vs_control_12C	CGI_10002594	gene	up	0.961372552661201	log2_fold_change			0.015987089882252	DESeq2_publication_FDR_le_0.05_FC_ge_1.5	published_significant_deg;standard_error_unavailable;raw_p_value_unavailable;legacy_identifier_unmapped
heat_35C_2h_vs_control_12C	CGI_10019614	gene	up	0.960647763110229	log2_fold_change			0.0126180420496369	DESeq2_publication_FDR_le_0.05_FC_ge_1.5	published_significant_deg;standard_error_unavailable;raw_p_value_unavailable;legacy_identifier_unmapped
heat_35C_2h_vs_control_12C	CGI_10003417	gene	up	0.951982074705871	log2_fold_change			0.0499018099172582	DESeq2_publication_FDR_le_0.05_FC_ge_1.5	published_significant_deg;standard_error_unavailable;raw_p_value_unavailable;legacy_identifier_unmapped
heat_35C_2h_vs_control_12C	CGI_10027667	gene	up	0.943868412656804	log2_fold_change			0.015987089882252	DESeq2_publication_FDR_le_0.05_FC_ge_1.5	published_significant_deg;standard_error_unavailable;raw_p_value_unavailable;legacy_identifier_unmapped
heat_35C_2h_vs_control_12C	Crassostrea_gigas_newGene_35804	gene	up	0.930584452902035	log2_fold_change			0.00193345129318593	DESeq2_publication_FDR_le_0.05_FC_ge_1.5	published_significant_deg;standard_error_unavailable;raw_p_value_unavailable;legacy_identifier_unmapped
heat_35C_2h_vs_control_12C	Crassostrea_gigas_newGene_11340	gene	up	0.929518693836129	log2_fold_change			0.0150864455299852	DESeq2_publication_FDR_le_0.05_FC_ge_1.5	published_significant_deg;standard_error_unavailable;raw_p_value_unavailable;legacy_identifier_unmapped
heat_35C_2h_vs_control_12C	CGI_10005413	gene	up	0.917143851138301	log2_fold_change			0.0417352854101084	DESeq2_publication_FDR_le_0.05_FC_ge_1.5	published_significant_deg;standard_error_unavailable;raw_p_value_unavailable;legacy_identifier_unmapped
heat_35C_2h_vs_control_12C	CGI_10022740	gene	up	0.91592958899181	log2_fold_change			0.0248468259986172	DESeq2_publication_FDR_le_0.05_FC_ge_1.5	published_significant_deg;standard_error_unavailable;raw_p_value_unavailable;legacy_identifier_unmapped
heat_35C_2h_vs_control_12C	Crassostrea_gigas_newGene_2560	gene	up	0.899650845412932	log2_fold_change			0.0399834910251239	DESeq2_publication_FDR_le_0.05_FC_ge_1.5	published_significant_deg;standard_error_unavailable;raw_p_value_unavailable;legacy_identifier_unmapped
heat_35C_2h_vs_control_12C	CGI_10017270	gene	up	0.886099703080827	log2_fold_change			0.00470581424545822	DESeq2_publication_FDR_le_0.05_FC_ge_1.5	published_significant_deg;standard_error_unavailable;raw_p_value_unavailable;legacy_identifier_unmapped
heat_35C_2h_vs_control_12C	CGI_10025961	gene	up	0.881914165091207	log2_fold_change			0.0271884751560982	DESeq2_publication_FDR_le_0.05_FC_ge_1.5	published_significant_deg;standard_error_unavailable;raw_p_value_unavailable;legacy_identifier_unmapped
heat_35C_2h_vs_control_12C	CGI_10021953	gene	up	0.872486080788415	log2_fold_change			0.0372582860173497	DESeq2_publication_FDR_le_0.05_FC_ge_1.5	published_significant_deg;standard_error_unavailable;raw_p_value_unavailable;legacy_identifier_unmapped
heat_35C_2h_vs_control_12C	CGI_10000743	gene	up	0.867262748146603	log2_fold_change			0.000599657537039452	DESeq2_publication_FDR_le_0.05_FC_ge_1.5	published_significant_deg;standard_error_unavailable;raw_p_value_unavailable;legacy_identifier_unmapped
heat_35C_2h_vs_control_12C	CGI_10024459	gene	up	0.86287297889103	log2_fold_change			0.0319597129728178	DESeq2_publication_FDR_le_0.05_FC_ge_1.5	published_significant_deg;standard_error_unavailable;raw_p_value_unavailable;legacy_identifier_unmapped
heat_35C_2h_vs_control_12C	CGI_10022884	gene	up	0.845988149745036	log2_fold_change			0.00384235878715496	DESeq2_publication_FDR_le_0.05_FC_ge_1.5	published_significant_deg;standard_error_unavailable;raw_p_value_unavailable;legacy_identifier_unmapped
heat_35C_2h_vs_control_12C	CGI_10011513	gene	up	0.839371052594848	log2_fold_change			0.0323888993743929	DESeq2_publication_FDR_le_0.05_FC_ge_1.5	published_significant_deg;standard_error_unavailable;raw_p_value_unavailable;legacy_identifier_unmapped
heat_35C_2h_vs_control_12C	CGI_10023822	gene	up	0.824129638711445	log2_fold_change			0.00000120945142856837	DESeq2_publication_FDR_le_0.05_FC_ge_1.5	published_significant_deg;standard_error_unavailable;raw_p_value_unavailable;legacy_identifier_unmapped
heat_35C_2h_vs_control_12C	CGI_10022003	gene	up	0.823639639057308	log2_fold_change			0.00150606446907984	DESeq2_publication_FDR_le_0.05_FC_ge_1.5	published_significant_deg;standard_error_unavailable;raw_p_value_unavailable;legacy_identifier_unmapped
heat_35C_2h_vs_control_12C	CGI_10015364	gene	up	0.757021074089616	log2_fold_change			0.0286820170002523	DESeq2_publication_FDR_le_0.05_FC_ge_1.5	published_significant_deg;standard_error_unavailable;raw_p_value_unavailable;legacy_identifier_unmapped
heat_35C_2h_vs_control_12C	CGI_10006400	gene	up	0.745023932026519	log2_fold_change			0.0141512867028748	DESeq2_publication_FDR_le_0.05_FC_ge_1.5	published_significant_deg;standard_error_unavailable;raw_p_value_unavailable;legacy_identifier_unmapped
heat_35C_2h_vs_control_12C	Crassostrea_gigas_newGene_35755	gene	up	0.701395172537801	log2_fold_change			0.0464527341681585	DESeq2_publication_FDR_le_0.05_FC_ge_1.5	published_significant_deg;standard_error_unavailable;raw_p_value_unavailable;legacy_identifier_unmapped
heat_35C_2h_vs_control_12C	Crassostrea_gigas_newGene_3329	gene	up	0.692359870811674	log2_fold_change			0.035228166606498	DESeq2_publication_FDR_le_0.05_FC_ge_1.5	published_significant_deg;standard_error_unavailable;raw_p_value_unavailable;legacy_identifier_unmapped
heat_35C_2h_vs_control_12C	CGI_10018833	gene	up	0.670908983209324	log2_fold_change			0.0170925626406661	DESeq2_publication_FDR_le_0.05_FC_ge_1.5	published_significant_deg;standard_error_unavailable;raw_p_value_unavailable;legacy_identifier_unmapped
heat_35C_2h_vs_control_12C	CGI_10026304	gene	up	0.66337519861448	log2_fold_change			0.000034074721939596	DESeq2_publication_FDR_le_0.05_FC_ge_1.5	published_significant_deg;standard_error_unavailable;raw_p_value_unavailable;legacy_identifier_unmapped
heat_35C_2h_vs_control_12C	CGI_10009013	gene	up	0.651128031787295	log2_fold_change			1.43953199413143e-7	DESeq2_publication_FDR_le_0.05_FC_ge_1.5	published_significant_deg;standard_error_unavailable;raw_p_value_unavailable;legacy_identifier_unmapped
heat_35C_2h_vs_control_12C	CGI_10015297	gene	up	0.611608376278604	log2_fold_change			0.0320381841399734	DESeq2_publication_FDR_le_0.05_FC_ge_1.5	published_significant_deg;standard_error_unavailable;raw_p_value_unavailable;legacy_identifier_unmapped
heat_35C_2h_vs_control_12C	CGI_10007836	gene	up	0.588221957744014	log2_fold_change			0.0218251234649726	DESeq2_publication_FDR_le_0.05_FC_ge_1.5	published_significant_deg;standard_error_unavailable;raw_p_value_unavailable;legacy_identifier_unmapped
heat_35C_2h_vs_control_12C	CGI_10024254	gene	down	-0.619765253631797	log2_fold_change			0.0316262229088409	DESeq2_publication_FDR_le_0.05_FC_ge_1.5	published_significant_deg;standard_error_unavailable;raw_p_value_unavailable;legacy_identifier_unmapped
heat_35C_2h_vs_control_12C	CGI_10022807	gene	down	-0.632389537578046	log2_fold_change			0.0320381841399734	DESeq2_publication_FDR_le_0.05_FC_ge_1.5	published_significant_deg;standard_error_unavailable;raw_p_value_unavailable;legacy_identifier_unmapped
heat_35C_2h_vs_control_12C	CGI_10014469	gene	down	-0.632479702677402	log2_fold_change			0.00306172537124289	DESeq2_publication_FDR_le_0.05_FC_ge_1.5	published_significant_deg;standard_error_unavailable;raw_p_value_unavailable;legacy_identifier_unmapped
heat_35C_2h_vs_control_12C	CGI_10009338	gene	down	-0.642483425350301	log2_fold_change			0.0213192908702507	DESeq2_publication_FDR_le_0.05_FC_ge_1.5	published_significant_deg;standard_error_unavailable;raw_p_value_unavailable;legacy_identifier_unmapped
heat_35C_2h_vs_control_12C	CGI_10007171	gene	down	-0.702081559128129	log2_fold_change			0.0153998030425751	DESeq2_publication_FDR_le_0.05_FC_ge_1.5	published_significant_deg;standard_error_unavailable;raw_p_value_unavailable;legacy_identifier_unmapped
heat_35C_2h_vs_control_12C	CGI_10003377	gene	down	-0.702402267118393	log2_fold_change			0.0236833911886571	DESeq2_publication_FDR_le_0.05_FC_ge_1.5	published_significant_deg;standard_error_unavailable;raw_p_value_unavailable;legacy_identifier_unmapped
heat_35C_2h_vs_control_12C	CGI_10017120	gene	down	-0.728442287759918	log2_fold_change			0.0320583610378001	DESeq2_publication_FDR_le_0.05_FC_ge_1.5	published_significant_deg;standard_error_unavailable;raw_p_value_unavailable;legacy_identifier_unmapped
heat_35C_2h_vs_control_12C	CGI_10001400	gene	down	-0.750250782898193	log2_fold_change			0.0170925626406661	DESeq2_publication_FDR_le_0.05_FC_ge_1.5	published_significant_deg;standard_error_unavailable;raw_p_value_unavailable;legacy_identifier_unmapped
heat_35C_2h_vs_control_12C	CGI_10012532	gene	down	-0.772268428358728	log2_fold_change			0.035228166606498	DESeq2_publication_FDR_le_0.05_FC_ge_1.5	published_significant_deg;standard_error_unavailable;raw_p_value_unavailable;legacy_identifier_unmapped
heat_35C_2h_vs_control_12C	CGI_10008158	gene	down	-0.813485591180958	log2_fold_change			0.0160417539825921	DESeq2_publication_FDR_le_0.05_FC_ge_1.5	published_significant_deg;standard_error_unavailable;raw_p_value_unavailable;legacy_identifier_unmapped
heat_35C_2h_vs_control_12C	CGI_10021245	gene	down	-0.832093803350336	log2_fold_change			0.0425546049080369	DESeq2_publication_FDR_le_0.05_FC_ge_1.5	published_significant_deg;standard_error_unavailable;raw_p_value_unavailable;legacy_identifier_unmapped
heat_35C_2h_vs_control_12C	CGI_10004826	gene	down	-0.838250280427413	log2_fold_change			0.0180646405315624	DESeq2_publication_FDR_le_0.05_FC_ge_1.5	published_significant_deg;standard_error_unavailable;raw_p_value_unavailable;legacy_identifier_unmapped
heat_35C_2h_vs_control_12C	CGI_10007659	gene	down	-0.869431351492647	log2_fold_change			0.0087281781458689	DESeq2_publication_FDR_le_0.05_FC_ge_1.5	published_significant_deg;standard_error_unavailable;raw_p_value_unavailable;legacy_identifier_unmapped
heat_35C_2h_vs_control_12C	CGI_10013942	gene	down	-0.869857451467915	log2_fold_change			0.00787807456966405	DESeq2_publication_FDR_le_0.05_FC_ge_1.5	published_significant_deg;standard_error_unavailable;raw_p_value_unavailable;legacy_identifier_unmapped
heat_35C_2h_vs_control_12C	Crassostrea_gigas_newGene_30349	gene	down	-0.889900796665426	log2_fold_change			0.0279786528620356	DESeq2_publication_FDR_le_0.05_FC_ge_1.5	published_significant_deg;standard_error_unavailable;raw_p_value_unavailable;legacy_identifier_unmapped
heat_35C_2h_vs_control_12C	Crassostrea_gigas_newGene_5827	gene	down	-0.890253056815539	log2_fold_change			0.028553410973906	DESeq2_publication_FDR_le_0.05_FC_ge_1.5	published_significant_deg;standard_error_unavailable;raw_p_value_unavailable;legacy_identifier_unmapped
heat_35C_2h_vs_control_12C	Crassostrea_gigas_newGene_36459	gene	down	-0.911251158592109	log2_fold_change			0.00427493951516934	DESeq2_publication_FDR_le_0.05_FC_ge_1.5	published_significant_deg;standard_error_unavailable;raw_p_value_unavailable;legacy_identifier_unmapped
heat_35C_2h_vs_control_12C	Crassostrea_gigas_newGene_25568	gene	down	-0.921721013566753	log2_fold_change			0.0395784103513556	DESeq2_publication_FDR_le_0.05_FC_ge_1.5	published_significant_deg;standard_error_unavailable;raw_p_value_unavailable;legacy_identifier_unmapped
heat_35C_2h_vs_control_12C	Crassostrea_gigas_newGene_39776	gene	down	-0.928480480707543	log2_fold_change			0.00124572849206336	DESeq2_publication_FDR_le_0.05_FC_ge_1.5	published_significant_deg;standard_error_unavailable;raw_p_value_unavailable;legacy_identifier_unmapped
heat_35C_2h_vs_control_12C	CGI_10010795	gene	down	-0.970880732435848	log2_fold_change			0.0442394069740856	DESeq2_publication_FDR_le_0.05_FC_ge_1.5	published_significant_deg;standard_error_unavailable;raw_p_value_unavailable;legacy_identifier_unmapped
heat_35C_2h_vs_control_12C	Crassostrea_gigas_newGene_33204	gene	down	-0.983169663756206	log2_fold_change			0.00429495030503161	DESeq2_publication_FDR_le_0.05_FC_ge_1.5	published_significant_deg;standard_error_unavailable;raw_p_value_unavailable;legacy_identifier_unmapped
heat_35C_2h_vs_control_12C	CGI_10016873	gene	down	-0.986235423106033	log2_fold_change			0.000268236094446447	DESeq2_publication_FDR_le_0.05_FC_ge_1.5	published_significant_deg;standard_error_unavailable;raw_p_value_unavailable;legacy_identifier_unmapped
heat_35C_2h_vs_control_12C	Crassostrea_gigas_newGene_4961	gene	down	-0.997992046009189	log2_fold_change			0.00659251100156744	DESeq2_publication_FDR_le_0.05_FC_ge_1.5	published_significant_deg;standard_error_unavailable;raw_p_value_unavailable;legacy_identifier_unmapped
heat_35C_2h_vs_control_12C	Crassostrea_gigas_newGene_5042	gene	down	-1.00375501026339	log2_fold_change			0.0355210418769769	DESeq2_publication_FDR_le_0.05_FC_ge_1.5	published_significant_deg;standard_error_unavailable;raw_p_value_unavailable;legacy_identifier_unmapped
heat_35C_2h_vs_control_12C	Crassostrea_gigas_newGene_24150	gene	down	-1.02061540214953	log2_fold_change			0.0150864455299852	DESeq2_publication_FDR_le_0.05_FC_ge_1.5	published_significant_deg;standard_error_unavailable;raw_p_value_unavailable;legacy_identifier_unmapped
heat_35C_2h_vs_control_12C	CGI_10028184	gene	down	-1.04163142532725	log2_fold_change			0.000975174121748347	DESeq2_publication_FDR_le_0.05_FC_ge_1.5	published_significant_deg;standard_error_unavailable;raw_p_value_unavailable;legacy_identifier_unmapped
heat_35C_2h_vs_control_12C	CGI_10002045	gene	down	-1.04396274329179	log2_fold_change			0.00940035895781371	DESeq2_publication_FDR_le_0.05_FC_ge_1.5	published_significant_deg;standard_error_unavailable;raw_p_value_unavailable;legacy_identifier_unmapped
heat_35C_2h_vs_control_12C	Crassostrea_gigas_newGene_26515	gene	down	-1.04469682906283	log2_fold_change			0.00427493951516934	DESeq2_publication_FDR_le_0.05_FC_ge_1.5	published_significant_deg;standard_error_unavailable;raw_p_value_unavailable;legacy_identifier_unmapped
heat_35C_2h_vs_control_12C	CGI_10024064	gene	down	-1.04472319375289	log2_fold_change			0.00396459796716613	DESeq2_publication_FDR_le_0.05_FC_ge_1.5	published_significant_deg;standard_error_unavailable;raw_p_value_unavailable;legacy_identifier_unmapped
heat_35C_2h_vs_control_12C	CGI_10013791	gene	down	-1.05502756264326	log2_fold_change			2.44805761877604e-9	DESeq2_publication_FDR_le_0.05_FC_ge_1.5	published_significant_deg;standard_error_unavailable;raw_p_value_unavailable;legacy_identifier_unmapped
heat_35C_2h_vs_control_12C	Crassostrea_gigas_newGene_28	gene	down	-1.08015686271257	log2_fold_change			0.00278563136328532	DESeq2_publication_FDR_le_0.05_FC_ge_1.5	published_significant_deg;standard_error_unavailable;raw_p_value_unavailable;legacy_identifier_unmapped
heat_35C_2h_vs_control_12C	Crassostrea_gigas_newGene_32107	gene	down	-1.08184606314921	log2_fold_change			0.0141512867028748	DESeq2_publication_FDR_le_0.05_FC_ge_1.5	published_significant_deg;standard_error_unavailable;raw_p_value_unavailable;legacy_identifier_unmapped
heat_35C_2h_vs_control_12C	CGI_10004133	gene	down	-1.08457827734095	log2_fold_change			0.000843834921973664	DESeq2_publication_FDR_le_0.05_FC_ge_1.5	published_significant_deg;standard_error_unavailable;raw_p_value_unavailable;legacy_identifier_unmapped
heat_35C_2h_vs_control_12C	CGI_10002452	gene	down	-1.08957053854073	log2_fold_change			0.0123283073055274	DESeq2_publication_FDR_le_0.05_FC_ge_1.5	published_significant_deg;standard_error_unavailable;raw_p_value_unavailable;legacy_identifier_unmapped
heat_35C_2h_vs_control_12C	CGI_10024482	gene	down	-1.09659054111521	log2_fold_change			0.00368136706765708	DESeq2_publication_FDR_le_0.05_FC_ge_1.5	published_significant_deg;standard_error_unavailable;raw_p_value_unavailable;legacy_identifier_unmapped
heat_35C_2h_vs_control_12C	Crassostrea_gigas_newGene_33348	gene	down	-1.10035613177642	log2_fold_change			0.0036725131344994	DESeq2_publication_FDR_le_0.05_FC_ge_1.5	published_significant_deg;standard_error_unavailable;raw_p_value_unavailable;legacy_identifier_unmapped
heat_35C_2h_vs_control_12C	Crassostrea_gigas_newGene_6745	gene	down	-1.10986302734909	log2_fold_change			0.00566471180715218	DESeq2_publication_FDR_le_0.05_FC_ge_1.5	published_significant_deg;standard_error_unavailable;raw_p_value_unavailable;legacy_identifier_unmapped
heat_35C_2h_vs_control_12C	CGI_10001455	gene	down	-1.12240982150869	log2_fold_change			0.0081884468183982	DESeq2_publication_FDR_le_0.05_FC_ge_1.5	published_significant_deg;standard_error_unavailable;raw_p_value_unavailable;legacy_identifier_unmapped
heat_35C_2h_vs_control_12C	CGI_10008967	gene	down	-1.1246862495793	log2_fold_change			0.0000899221721063631	DESeq2_publication_FDR_le_0.05_FC_ge_1.5	published_significant_deg;standard_error_unavailable;raw_p_value_unavailable;legacy_identifier_unmapped
heat_35C_2h_vs_control_12C	Crassostrea_gigas_newGene_21475	gene	down	-1.14460928715671	log2_fold_change			0.00118783224239719	DESeq2_publication_FDR_le_0.05_FC_ge_1.5	published_significant_deg;standard_error_unavailable;raw_p_value_unavailable;legacy_identifier_unmapped
heat_35C_2h_vs_control_12C	Crassostrea_gigas_newGene_19207	gene	down	-1.15937273551958	log2_fold_change			0.000975174121748347	DESeq2_publication_FDR_le_0.05_FC_ge_1.5	published_significant_deg;standard_error_unavailable;raw_p_value_unavailable;legacy_identifier_unmapped
heat_35C_2h_vs_control_12C	CGI_10002455	gene	down	-1.17890857008859	log2_fold_change			7.47304318078707e-11	DESeq2_publication_FDR_le_0.05_FC_ge_1.5	published_significant_deg;standard_error_unavailable;raw_p_value_unavailable;legacy_identifier_unmapped
heat_35C_2h_vs_control_12C	CGI_10019635	gene	down	-1.18157633978821	log2_fold_change			0.00246928936055532	DESeq2_publication_FDR_le_0.05_FC_ge_1.5	published_significant_deg;standard_error_unavailable;raw_p_value_unavailable;legacy_identifier_unmapped
heat_35C_2h_vs_control_12C	CGI_10021590	gene	down	-1.20984664264788	log2_fold_change			0.000535510320690744	DESeq2_publication_FDR_le_0.05_FC_ge_1.5	published_significant_deg;standard_error_unavailable;raw_p_value_unavailable;legacy_identifier_unmapped
heat_35C_2h_vs_control_12C	CGI_10023468	gene	down	-1.22415518064756	log2_fold_change			0.00193345129318593	DESeq2_publication_FDR_le_0.05_FC_ge_1.5	published_significant_deg;standard_error_unavailable;raw_p_value_unavailable;legacy_identifier_unmapped
heat_35C_2h_vs_control_12C	CGI_10014038	gene	down	-1.22705925709679	log2_fold_change			0.000551930432021571	DESeq2_publication_FDR_le_0.05_FC_ge_1.5	published_significant_deg;standard_error_unavailable;raw_p_value_unavailable;legacy_identifier_unmapped
heat_35C_2h_vs_control_12C	Crassostrea_gigas_newGene_15457	gene	down	-1.22989400571293	log2_fold_change			0.00037474782799881	DESeq2_publication_FDR_le_0.05_FC_ge_1.5	published_significant_deg;standard_error_unavailable;raw_p_value_unavailable;legacy_identifier_unmapped
heat_35C_2h_vs_control_12C	CGI_10019357	gene	down	-1.23412993423572	log2_fold_change			0.00052768112885308	DESeq2_publication_FDR_le_0.05_FC_ge_1.5	published_significant_deg;standard_error_unavailable;raw_p_value_unavailable;legacy_identifier_unmapped
heat_35C_2h_vs_control_12C	CGI_10022921	gene	down	-1.24934497573132	log2_fold_change			0.000539105766866993	DESeq2_publication_FDR_le_0.05_FC_ge_1.5	published_significant_deg;standard_error_unavailable;raw_p_value_unavailable;legacy_identifier_unmapped
heat_35C_2h_vs_control_12C	Crassostrea_gigas_newGene_41241	gene	down	-1.26031555861376	log2_fold_change			9.90570218481327e-11	DESeq2_publication_FDR_le_0.05_FC_ge_1.5	published_significant_deg;standard_error_unavailable;raw_p_value_unavailable;legacy_identifier_unmapped
heat_35C_2h_vs_control_12C	CGI_10027146	gene	down	-1.27453090253248	log2_fold_change			0.000327353227532878	DESeq2_publication_FDR_le_0.05_FC_ge_1.5	published_significant_deg;standard_error_unavailable;raw_p_value_unavailable;legacy_identifier_unmapped
heat_35C_2h_vs_control_12C	Crassostrea_gigas_newGene_10925	gene	down	-1.32763151635744	log2_fold_change			0.0000754048172351154	DESeq2_publication_FDR_le_0.05_FC_ge_1.5	published_significant_deg;standard_error_unavailable;raw_p_value_unavailable;legacy_identifier_unmapped
heat_35C_2h_vs_control_12C	CGI_10017364	gene	down	-1.33595380159616	log2_fold_change			0.0000757431138979213	DESeq2_publication_FDR_le_0.05_FC_ge_1.5	published_significant_deg;standard_error_unavailable;raw_p_value_unavailable;legacy_identifier_unmapped
heat_35C_2h_vs_control_12C	Crassostrea_gigas_newGene_28773	gene	down	-1.3428675839057	log2_fold_change			0.000327353227532878	DESeq2_publication_FDR_le_0.05_FC_ge_1.5	published_significant_deg;standard_error_unavailable;raw_p_value_unavailable;legacy_identifier_unmapped
heat_35C_2h_vs_control_12C	CGI_10001551	gene	down	-1.36252800262071	log2_fold_change			0.0000195768302889989	DESeq2_publication_FDR_le_0.05_FC_ge_1.5	published_significant_deg;standard_error_unavailable;raw_p_value_unavailable;legacy_identifier_unmapped
heat_35C_2h_vs_control_12C	CGI_10002479	gene	down	-1.38333470803848	log2_fold_change			0.00000160352383291026	DESeq2_publication_FDR_le_0.05_FC_ge_1.5	published_significant_deg;standard_error_unavailable;raw_p_value_unavailable;legacy_identifier_unmapped
heat_35C_2h_vs_control_12C	CGI_10012951	gene	down	-1.46765913043149	log2_fold_change			0.0000344427118262153	DESeq2_publication_FDR_le_0.05_FC_ge_1.5	published_significant_deg;standard_error_unavailable;raw_p_value_unavailable;legacy_identifier_unmapped
heat_35C_2h_vs_control_12C	Crassostrea_gigas_newGene_7956	gene	down	-1.4687908540205	log2_fold_change			0.00000781275166357553	DESeq2_publication_FDR_le_0.05_FC_ge_1.5	published_significant_deg;standard_error_unavailable;raw_p_value_unavailable;legacy_identifier_unmapped
heat_35C_2h_vs_control_12C	Crassostrea_gigas_newGene_21468	gene	down	-1.47820188593405	log2_fold_change			0.0000196024537404301	DESeq2_publication_FDR_le_0.05_FC_ge_1.5	published_significant_deg;standard_error_unavailable;raw_p_value_unavailable;legacy_identifier_unmapped
heat_35C_2h_vs_control_12C	CGI_10023314	gene	down	-1.55009963594526	log2_fold_change			1.77234940707436e-13	DESeq2_publication_FDR_le_0.05_FC_ge_1.5	published_significant_deg;standard_error_unavailable;raw_p_value_unavailable;legacy_identifier_unmapped
heat_35C_2h_vs_control_12C	CGI_10026860	gene	down	-1.55941839819341	log2_fold_change			5.44365656820312e-10	DESeq2_publication_FDR_le_0.05_FC_ge_1.5	published_significant_deg;standard_error_unavailable;raw_p_value_unavailable;legacy_identifier_unmapped
heat_35C_2h_vs_control_12C	CGI_10003336	gene	down	-1.57382180269053	log2_fold_change			0.00000414926050285915	DESeq2_publication_FDR_le_0.05_FC_ge_1.5	published_significant_deg;standard_error_unavailable;raw_p_value_unavailable;legacy_identifier_unmapped
heat_35C_2h_vs_control_12C	CGI_10002702	gene	down	-1.61342096801641	log2_fold_change			4.67523517235264e-7	DESeq2_publication_FDR_le_0.05_FC_ge_1.5	published_significant_deg;standard_error_unavailable;raw_p_value_unavailable;legacy_identifier_unmapped
heat_35C_2h_vs_control_12C	CGI_10014945	gene	down	-1.65791359906059	log2_fold_change			7.42501341777877e-28	DESeq2_publication_FDR_le_0.05_FC_ge_1.5	published_significant_deg;standard_error_unavailable;raw_p_value_unavailable;legacy_identifier_unmapped
heat_35C_2h_vs_control_12C	CGI_10007809	gene	down	-1.6867149836549	log2_fold_change			1.01349790384326e-7	DESeq2_publication_FDR_le_0.05_FC_ge_1.5	published_significant_deg;standard_error_unavailable;raw_p_value_unavailable;legacy_identifier_unmapped
heat_35C_2h_vs_control_12C	CGI_10016002	gene	down	-1.96322208761023	log2_fold_change			2.83498359422519e-10	DESeq2_publication_FDR_le_0.05_FC_ge_1.5	published_significant_deg;standard_error_unavailable;raw_p_value_unavailable;legacy_identifier_unmapped
heat_35C_2h_vs_control_12C	CGI_10017830	gene	down	-2.00178340339778	log2_fold_change			1.11360073807862e-15	DESeq2_publication_FDR_le_0.05_FC_ge_1.5	published_significant_deg;standard_error_unavailable;raw_p_value_unavailable;legacy_identifier_unmapped
heat_35C_2h_vs_control_12C	Crassostrea_gigas_newGene_788	gene	down	-2.08570749225208	log2_fold_change			8.32556836318076e-12	DESeq2_publication_FDR_le_0.05_FC_ge_1.5	published_significant_deg;standard_error_unavailable;raw_p_value_unavailable;legacy_identifier_unmapped
heat_35C_2h_vs_control_12C	CGI_10027954	gene	down	-2.37668520893587	log2_fold_change			1.9925233390632e-15	DESeq2_publication_FDR_le_0.05_FC_ge_1.5	published_significant_deg;standard_error_unavailable;raw_p_value_unavailable;legacy_identifier_unmapped
heat_35C_2h_vs_control_12C	CGI_10016700	gene	down	-2.38083187455203	log2_fold_change			1.11360073807862e-15	DESeq2_publication_FDR_le_0.05_FC_ge_1.5	published_significant_deg;standard_error_unavailable;raw_p_value_unavailable;legacy_identifier_unmapped
heat_35C_2h_vs_control_12C	CGI_10010392	gene	down	-2.42981587493421	log2_fold_change			1.09991808935269e-22	DESeq2_publication_FDR_le_0.05_FC_ge_1.5	published_significant_deg;standard_error_unavailable;raw_p_value_unavailable;legacy_identifier_unmapped
heat_35C_2h_vs_control_12C	CGI_10001445	gene	down	-2.58931487891918	log2_fold_change			1.8608809812857e-18	DESeq2_publication_FDR_le_0.05_FC_ge_1.5	published_significant_deg;standard_error_unavailable;raw_p_value_unavailable;legacy_identifier_unmapped
heat_35C_2h_vs_control_12C	CGI_10018182	gene	down	-2.75777734667264	log2_fold_change			7.18547290814157e-24	DESeq2_publication_FDR_le_0.05_FC_ge_1.5	published_significant_deg;standard_error_unavailable;raw_p_value_unavailable;legacy_identifier_unmapped
heat_35C_2h_vs_control_12C	CGI_10020949	gene	down	-3.52361813728486	log2_fold_change			1.9524473045025e-37	DESeq2_publication_FDR_le_0.05_FC_ge_1.5	published_significant_deg;standard_error_unavailable;raw_p_value_unavailable;legacy_identifier_unmapped
