feature_id_original	feature_id_standardized	ortholog_reference	mapping_confidence	mapping_release	mapping_evidence	candidate_current_gene_id	legacy_scaffold	legacy_refseq_accession	legacy_start	legacy_end	legacy_strand	legacy_description	legacy_ncbi_gene_id	ncbi_replacement_gene_id	legacy_ncbi_start	legacy_ncbi_end	overlap_bp	legacy_coverage	legacy_ncbi_coverage	current_symbol	current_description	current_refseq_accession	current_start	current_end	current_strand	candidate_overlap_count
CGI_10000009	CGI_10000009		unresolved	cgigas_cgi_to_ncbi_gene_rs2024_06_v1	no_unique_same_strand_legacy_coverage_ge_0.8_or_reciprocal_ge_0.5		C18346	NW_011939427.1	174	551	+															0
CGI_10000078	NCBI:GeneID:105338126		inferred	cgigas_cgi_to_ncbi_gene_rs2024_06_v1	unique_coordinate_overlap_to_discontinued_ncbi_gene_then_ncbi_currentid		C22344	NW_011940219.1	15	1304	+	Fructose-bisphosphate aldolase  [Source:UniProtKB/TrEMBL;Acc:K1P8P8]	105323467	105338126	6	1787	1290	1.0	0.723906	LOC105338126	fructose-bisphosphate aldolase	NC_088855.1	41615678	41619761	+	1
CGI_10000743	NCBI:GeneID:105329152		inferred	cgigas_cgi_to_ncbi_gene_rs2024_06_v1	unique_coordinate_overlap_to_discontinued_ncbi_gene_then_ncbi_currentid		C31390	NW_011941761.1	616	3628	+		105324192	105329152	556	2228	1613	0.535347	0.964136	LOC105329152	uncharacterized LOC105329152	NC_088861.1	43923300	43925005	+	1
CGI_10001116	CGI_10001116		unresolved	cgigas_cgi_to_ncbi_gene_rs2024_06_v1	legacy_ncbi_gene_discontinued_without_current_replacement		C33688	NW_011942084.1	7713	8705	-	Tripartite motif-containing protein 3  [Source:UniProtKB/TrEMBL;Acc:K1P6X0]	105324523				993	1.0	0.181602							
CGI_10001358	CGI_10001358		unresolved	cgigas_cgi_to_ncbi_gene_rs2024_06_v1	no_unique_same_strand_legacy_coverage_ge_0.8_or_reciprocal_ge_0.5		scaffold34756	NW_011935709.1	21	10691	+	Tripartite motif-containing protein 3  [Source:UniProtKB/TrEMBL;Acc:K1QMJ2]														1
CGI_10001400	CGI_10001400		unresolved	cgigas_cgi_to_ncbi_gene_rs2024_06_v1	no_unique_same_strand_legacy_coverage_ge_0.8_or_reciprocal_ge_0.5		scaffold34994	NW_011937085.1	2797	19078	-	Cell division protein kinase 6  [Source:UniProtKB/TrEMBL;Acc:K1QMH1]														3
CGI_10001415	CGI_10001415		unresolved	cgigas_cgi_to_ncbi_gene_rs2024_06_v1	legacy_ncbi_gene_discontinued_without_current_replacement		scaffold35066	NW_011936070.1	7620	10614	-		105336589				2995	1.0	0.139757							
CGI_10001445	NCBI:GeneID:105344569		inferred	cgigas_cgi_to_ncbi_gene_rs2024_06_v1	unique_coordinate_overlap_to_discontinued_ncbi_gene_then_ncbi_currentid		C35262	NW_011942069.1	5195	10381	-		105324489	105344569	3265	11981	5187	1.0	0.595044	LOC105344569	uncharacterized LOC105344569	NC_088856.1	53517019	53539843	+	1
CGI_10001455	CGI_10001455		unresolved	cgigas_cgi_to_ncbi_gene_rs2024_06_v1	no_unique_same_strand_legacy_coverage_ge_0.8_or_reciprocal_ge_0.5		scaffold35270	NW_011936138.1	2215	21851	-															4
CGI_10001551	NCBI:GeneID:105324494		inferred	cgigas_cgi_to_ncbi_gene_rs2024_06_v1	unique_same_strand_legacy_coverage_ge_0.8_or_reciprocal_ge_0.5		C35556	NW_011942071.1	5682	9417	+	Diacylglycerol kinase delta  [Source:UniProtKB/TrEMBL;Acc:K1P0J2]	105324494		1614	13485	3736	1.0	0.31469	LOC105324494	diacylglycerol kinase delta	NC_088860.1	6727745	6766378	-	1
CGI_10002045	CGI_10002045		unresolved	cgigas_cgi_to_ncbi_gene_rs2024_06_v1	legacy_novel_gene_no_genomic_model																					
CGI_10002068	NCBI:GeneID:105345749		inferred	cgigas_cgi_to_ncbi_gene_rs2024_06_v1	unique_coordinate_overlap_to_discontinued_ncbi_gene_then_ncbi_currentid		scaffold36916	NW_011937069.1	1837	4712	-		105345748	105345749	617	4796	2876	1.0	0.688038	LOC105345749	streptococcal hemagglutinin	NC_088857.1	53573826	53604293	-	1
CGI_10002387	NCBI:GeneID:105327207		inferred	cgigas_cgi_to_ncbi_gene_rs2024_06_v1	unique_coordinate_overlap_to_discontinued_ncbi_gene_then_ncbi_currentid		scaffold1261	NW_011935179.1	10104	16618	-	Heat shock 70 kDa protein 12B  [Source:UniProtKB/TrEMBL;Acc:K1Q4A5]	105327570	105327207	9018	34590	6515	1.0	0.254761	LOC105327207	uncharacterized LOC105327207	NC_088854.1	43386795	43438763	-	1
CGI_10002452	CGI_10002452		unresolved	cgigas_cgi_to_ncbi_gene_rs2024_06_v1	legacy_novel_gene_no_genomic_model																					
CGI_10002455	CGI_10002455		unresolved	cgigas_cgi_to_ncbi_gene_rs2024_06_v1	no_unique_same_strand_legacy_coverage_ge_0.8_or_reciprocal_ge_0.5		scaffold37680	NW_011935319.1	9868	16114	+	Tubulin alpha-1C chain  [Source:UniProtKB/TrEMBL;Acc:K1PKU1]														0
CGI_10002479	NCBI:GeneID:105317710		inferred	cgigas_cgi_to_ncbi_gene_rs2024_06_v1	unique_same_strand_legacy_coverage_ge_0.8_or_reciprocal_ge_0.5		scaffold1778	NW_011937515.1	34936	42863	-	RING finger protein nhl-1  [Source:UniProtKB/TrEMBL;Acc:K1QSU2]	105317710		36543	46213	6321	0.797301	0.653604	LOC105317710	uncharacterized LOC105317710	NC_088853.1	24064395	24069934	-	1
CGI_10002498	CGI_10002498		unresolved	cgigas_cgi_to_ncbi_gene_rs2024_06_v1	no_unique_same_strand_legacy_coverage_ge_0.8_or_reciprocal_ge_0.5		scaffold37790	NW_011934859.1	1900	11693	-	Complement C1q-like protein 4  [Source:UniProtKB/TrEMBL;Acc:K1PTR9]														1
CGI_10002594	NCBI:GeneID:105334510		inferred	cgigas_cgi_to_ncbi_gene_rs2024_06_v1	unique_same_strand_legacy_coverage_ge_0.8_or_reciprocal_ge_0.5		scaffold38030	NW_011935868.1	46789	48693	-	Heat shock protein 68  [Source:UniProtKB/TrEMBL;Acc:K1PKN1]	105334510		45619	48893	1905	1.0	0.581679	LOC105334510	heat shock protein 68-like	NC_088859.1	12292754	12295041	-	1
CGI_10002702	CGI_10002702		unresolved	cgigas_cgi_to_ncbi_gene_rs2024_06_v1	legacy_ncbi_gene_discontinued_without_current_replacement		scaffold38272	NW_011936893.1	12040	52169	+		105344052				28559	0.711662	1.0							
CGI_10002823	NCBI:GeneID:105322484		inferred	cgigas_cgi_to_ncbi_gene_rs2024_06_v1	unique_same_strand_legacy_coverage_ge_0.8_or_reciprocal_ge_0.5		scaffold749	NW_011937991.1	27460	29307	-	Heat shock protein 68  [Source:UniProtKB/TrEMBL;Acc:K1QHA7]	105322484		26308	29363	1848	1.0	0.604712	LOC105322484	heat shock protein 68-like	NC_088856.1	33078843	33081892	+	1
CGI_10002950	CGI_10002950		unresolved	cgigas_cgi_to_ncbi_gene_rs2024_06_v1	legacy_novel_gene_no_genomic_model																					
CGI_10003336	CGI_10003336		unresolved	cgigas_cgi_to_ncbi_gene_rs2024_06_v1	no_unique_same_strand_legacy_coverage_ge_0.8_or_reciprocal_ge_0.5		scaffold680	NW_011934606.1	5413	24052	-															1
CGI_10003377	CGI_10003377		unresolved	cgigas_cgi_to_ncbi_gene_rs2024_06_v1	legacy_novel_gene_no_genomic_model																					
CGI_10003417	NCBI:GeneID:105334234		inferred	cgigas_cgi_to_ncbi_gene_rs2024_06_v1	unique_same_strand_legacy_coverage_ge_0.8_or_reciprocal_ge_0.5		scaffold39580	NW_011935842.1	60073	61977	+	Heat shock protein 70 B2  [Source:UniProtKB/TrEMBL;Acc:K1PJB0]	105334234		59916	62219	1905	1.0	0.826823	LOC105334234	heat shock protein 70 B2	NC_088856.1	33118551	33120771	-	1
CGI_10004133	NCBI:GeneID:105320320		inferred	cgigas_cgi_to_ncbi_gene_rs2024_06_v1	unique_same_strand_legacy_coverage_ge_0.8_or_reciprocal_ge_0.5		scaffold40514	NW_011937776.1	63061	63432	-	Complement C1q-like protein 4  [Source:UniProtKB/TrEMBL;Acc:K1PR15]	105320320		63008	64723	372	1.0	0.216783	LOC105320320	uncharacterized LOC105320320	NC_088854.1	1388783	1391280	+	1
CGI_10004164	NCBI:GeneID:105346578		inferred	cgigas_cgi_to_ncbi_gene_rs2024_06_v1	unique_same_strand_legacy_coverage_ge_0.8_or_reciprocal_ge_0.5		scaffold1501	NW_011934877.1	44983	45699	+	Stress-induced protein 1  [Source:UniProtKB/TrEMBL;Acc:K1QZZ5]	105346578		44881	51799	717	1.0	0.103628	LOC105346578	major egg antigen	NC_088861.1	6659929	6661138	+	1
CGI_10004519	NCBI:GeneID:109617070		inferred	cgigas_cgi_to_ncbi_gene_rs2024_06_v1	unique_same_strand_legacy_coverage_ge_0.8_or_reciprocal_ge_0.5		scaffold1070	NW_011934840.1	66162	70918	-		109617070		64811	70090	3929	0.825941	0.744129	LOC109617070	failed axon connections homolog	NC_088854.1	25317183	25321708	+	1
CGI_10004826	CGI_10004826		unresolved	cgigas_cgi_to_ncbi_gene_rs2024_06_v1	no_unique_same_strand_legacy_coverage_ge_0.8_or_reciprocal_ge_0.5		scaffold178	NW_011937541.1	58024	92952	-															4
CGI_10005393	NCBI:GeneID:105334814		inferred	cgigas_cgi_to_ncbi_gene_rs2024_06_v1	unique_same_strand_legacy_coverage_ge_0.8_or_reciprocal_ge_0.5		scaffold41656	NW_011935892.1	116696	119323	+	Inhibitor of apoptosis protein  [Source:UniProtKB/TrEMBL;Acc:K1PPI1]	105334814		113457	120805	2628	1.0	0.3576	LOC105334814	baculoviral IAP repeat-containing protein 2	NC_088861.1	35580852	35587942	-	1
CGI_10005413	NCBI:GeneID:105340677		inferred	cgigas_cgi_to_ncbi_gene_rs2024_06_v1	unique_coordinate_overlap_to_discontinued_ncbi_gene_then_ncbi_currentid		scaffold41664	NW_011936560.1	2170	3184	-	Importin-9  [Source:UniProtKB/TrEMBL;Acc:K1PWM7]	105341279	105340677	7	3003	834	0.821675	0.278278	LOC105340677	uncharacterized LOC105340677	NC_088856.1	29411132	29414354	-	1
CGI_10005710	NCBI:GeneID:105343412		inferred	cgigas_cgi_to_ncbi_gene_rs2024_06_v1	unique_same_strand_legacy_coverage_ge_0.8_or_reciprocal_ge_0.5		scaffold41824	NW_011936786.1	65241	104767	-	Putative RNA-dependent RNA polymerase SHL2  [Source:UniProtKB/TrEMBL;Acc:K1PWF8]	105343412		74361	105204	30407	0.769272	0.985832	LOC105343412	uncharacterized LOC105343412	NC_088858.1	25388378	25395069	+	1
CGI_10006400	NCBI:GeneID:105318397		inferred	cgigas_cgi_to_ncbi_gene_rs2024_06_v1	unique_same_strand_legacy_coverage_ge_0.8_or_reciprocal_ge_0.5		scaffold42236	NW_011934623.1	54014	55997	+		105318397		53931	56149	1984	1.0	0.894096	LOC105318397	cilia- and flagella-associated protein 251	NC_088859.1	25301132	25303369	+	1
CGI_10007171	CGI_10007171		unresolved	cgigas_cgi_to_ncbi_gene_rs2024_06_v1	legacy_ncbi_gene_discontinued_without_current_replacement		scaffold1264	NW_011935934.1	42236	82741	+	Sushi repeat-containing protein SRPX2  [Source:UniProtKB/TrEMBL;Acc:K1QBZ4]	105335341				20560	0.507579	1.0							
CGI_10007526	CGI_10007526		unresolved	cgigas_cgi_to_ncbi_gene_rs2024_06_v1	no_unique_same_strand_legacy_coverage_ge_0.8_or_reciprocal_ge_0.5		scaffold1625	NW_011936535.1	34009	36188	+	Tripartite motif-containing protein 2  [Source:UniProtKB/TrEMBL;Acc:K1Q3G4]														1
CGI_10007534	CGI_10007534		unresolved	cgigas_cgi_to_ncbi_gene_rs2024_06_v1	legacy_ncbi_gene_discontinued_without_current_replacement		scaffold1625	NW_011936535.1	176211	183059	-	Low-density lipoprotein receptor-related protein 4  [Source:UniProtKB/TrEMBL;Acc:K1QWL0]	105341018				6849	1.0	0.340628							
CGI_10007659	NCBI:GeneID:105321203		inferred	cgigas_cgi_to_ncbi_gene_rs2024_06_v1	unique_coordinate_overlap_to_discontinued_ncbi_gene_then_ncbi_currentid		scaffold452	NW_011935267.1	168725	173603	-	IgGFc-binding protein  [Source:UniProtKB/TrEMBL;Acc:K1QIS7]	105328749	105321203	168647	175746	4879	1.0	0.687183	LOC105321203	fibrillin-1	NC_088857.1	267236	280317	+	1
CGI_10007687	CGI_10007687		unresolved	cgigas_cgi_to_ncbi_gene_rs2024_06_v1	no_unique_same_strand_legacy_coverage_ge_0.8_or_reciprocal_ge_0.5		scaffold42770	NW_011934985.1	14131	34729	-															2
CGI_10007809	NCBI:GeneID:105319227		inferred	cgigas_cgi_to_ncbi_gene_rs2024_06_v1	unique_same_strand_legacy_coverage_ge_0.8_or_reciprocal_ge_0.5		scaffold1508	NW_011937667.1	147980	168233	+	TBC1 domain family member 9  [Source:UniProtKB/TrEMBL;Acc:K1Q6S6]	105319227		122338	169488	20254	1.0	0.429556	LOC105319227	TBC1 domain family member 9	NC_088857.1	13537089	13577715	-	1
CGI_10007836	NCBI:GeneID:105322068		inferred	cgigas_cgi_to_ncbi_gene_rs2024_06_v1	unique_same_strand_legacy_coverage_ge_0.8_or_reciprocal_ge_0.5		scaffold42840	NW_011937965.1	134311	145100	-		105322068		133541	162373	10790	1.0	0.374224	LOC105322068	uncharacterized LOC105322068	NC_088858.1	49438755	49459555	-	1
CGI_10008158	NCBI:GeneID:105321326		inferred	cgigas_cgi_to_ncbi_gene_rs2024_06_v1	unique_same_strand_legacy_coverage_ge_0.8_or_reciprocal_ge_0.5		scaffold42922	NW_011937876.1	159610	171563	-	Nuclear factor erythroid 2-related factor 2  [Source:UniProtKB/TrEMBL;Acc:K1PDL5]	105321326		157752	184396	11954	1.0	0.44864	LOC105321326	endoplasmic reticulum membrane sensor NFE2L1	NC_088857.1	56034618	56048400	+	1
CGI_10008519	NCBI:GeneID:105317954		inferred	cgigas_cgi_to_ncbi_gene_rs2024_06_v1	unique_same_strand_legacy_coverage_ge_0.8_or_reciprocal_ge_0.5		scaffold148	NW_011937539.1	148864	156626	+	Solute carrier family 23 member 1  [Source:UniProtKB/TrEMBL;Acc:K1R5Q0]	105317954		148381	157624	7763	1.0	0.839788	LOC105317954	solute carrier family 23 member 1	NC_088854.1	26608416	26617786	-	1
CGI_10008967	NCBI:GeneID:105317118		inferred	cgigas_cgi_to_ncbi_gene_rs2024_06_v1	unique_same_strand_legacy_coverage_ge_0.8_or_reciprocal_ge_0.5		scaffold1738	NW_011937465.1	27895	31472	+	L-ascorbate oxidase  [Source:UniProtKB/TrEMBL;Acc:K1Q837]	105317118		21021	32755	3578	1.0	0.3049	LOC105317118	uncharacterized LOC105317118	NC_088858.1	42484988	42496670	+	1
CGI_10009013	NCBI:GeneID:105322650		inferred	cgigas_cgi_to_ncbi_gene_rs2024_06_v1	unique_same_strand_legacy_coverage_ge_0.8_or_reciprocal_ge_0.5		scaffold1869	NW_011938014.1	38970	48769	-		105322650		36449	49469	9800	1.0	0.75263	LOC105322650	protein CREBRF homolog	NC_088860.1	950380	963371	-	1
CGI_10009093	CGI_10009093		unresolved	cgigas_cgi_to_ncbi_gene_rs2024_06_v1	no_unique_same_strand_legacy_coverage_ge_0.8_or_reciprocal_ge_0.5		scaffold50	NW_011934611.1	76221	84076	+	Filamin-A  [Source:UniProtKB/TrEMBL;Acc:K1RA95]														0
CGI_10009338	CGI_10009338		unresolved	cgigas_cgi_to_ncbi_gene_rs2024_06_v1	legacy_ncbi_gene_discontinued_without_current_replacement		scaffold1163	NW_011935760.1	76665	83505	+	Glucose dehydrogenase [acceptor]  [Source:UniProtKB/TrEMBL;Acc:K1PZS5]	105333502				6841	1.0	0.23818							
CGI_10010392	NCBI:GeneID:105318008		inferred	cgigas_cgi_to_ncbi_gene_rs2024_06_v1	unique_same_strand_legacy_coverage_ge_0.8_or_reciprocal_ge_0.5		scaffold1678	NW_011937546.1	225214	229518	+		105318008		225178	229801	4305	1.0	0.931012	LOC105318008	CD63 antigen	NC_088854.1	6871945	6876351	+	1
CGI_10010647	NCBI:GeneID:105348305		inferred	cgigas_cgi_to_ncbi_gene_rs2024_06_v1	unique_same_strand_legacy_coverage_ge_0.8_or_reciprocal_ge_0.5		scaffold1127	NW_011937319.1	39359	41263	+	Heat shock protein 70 B2  [Source:UniProtKB/TrEMBL;Acc:K1QG22]	105348305		39227	41454	1905	1.0	0.855027	LOC105348305	heat shock protein 68-like	NC_088859.1	12334525	12336747	+	1
CGI_10010795	NCBI:GeneID:105317263		inferred	cgigas_cgi_to_ncbi_gene_rs2024_06_v1	unique_coordinate_overlap_to_discontinued_ncbi_gene_then_ncbi_currentid		scaffold1098	NW_011937425.1	56507	72093	-		105349162	105317263	48989	67228	10722	0.687881	0.587829	LOC105317263	plexin-A2	NC_088856.1	28190495	28281524	-	1
CGI_10010798	CGI_10010798		unresolved	cgigas_cgi_to_ncbi_gene_rs2024_06_v1	legacy_ncbi_gene_discontinued_without_current_replacement		scaffold1098	NW_011937425.1	223579	266249	-	Sushi repeat-containing protein SRPX  [Source:UniProtKB/TrEMBL;Acc:K1QGM6]	105349166				40234	0.942889	0.972446							
CGI_10011184	NCBI:GeneID:105319633		inferred	cgigas_cgi_to_ncbi_gene_rs2024_06_v1	unique_same_strand_legacy_coverage_ge_0.8_or_reciprocal_ge_0.5		scaffold338	NW_011937721.1	47890	56497	+	Interferon-induced protein 44-like protein  [Source:UniProtKB/TrEMBL;Acc:K1RUP9]	105319633		47555	58344	8608	1.0	0.797776	LOC105319633	interferon-induced protein 44-like	NC_088856.1	1101244	1105220	+	1
CGI_10011376	NCBI:GeneID:105343216		inferred	cgigas_cgi_to_ncbi_gene_rs2024_06_v1	unique_same_strand_legacy_coverage_ge_0.8_or_reciprocal_ge_0.5		scaffold206	NW_011936775.1	152090	152599	-	Heat shock protein beta-1  [Source:UniProtKB/TrEMBL;Acc:K1RYF7]	105343216		151894	152671	510	1.0	0.655527	LOC105343216	heat shock protein Hsp-16.48/Hsp-16.49	NC_088857.1	48964224	48964986	+	1
CGI_10011513	NCBI:GeneID:105317854		inferred	cgigas_cgi_to_ncbi_gene_rs2024_06_v1	unique_same_strand_legacy_coverage_ge_0.8_or_reciprocal_ge_0.5		scaffold43624	NW_011937529.1	270854	273360	+	Apoptosis 1 inhibitor  [Source:UniProtKB/TrEMBL;Acc:K1PQK7]	105317854		270720	273626	2507	1.0	0.862401	LOC105317854	baculoviral IAP repeat-containing protein 7	NC_088854.1	25884546	25887437	-	1
CGI_10012233	CGI_10012233		unresolved	cgigas_cgi_to_ncbi_gene_rs2024_06_v1	legacy_novel_gene_no_genomic_model																					
CGI_10012532	CGI_10012532		unresolved	cgigas_cgi_to_ncbi_gene_rs2024_06_v1	legacy_novel_gene_no_genomic_model																					
CGI_10012725	CGI_10012725		unresolved	cgigas_cgi_to_ncbi_gene_rs2024_06_v1	no_unique_same_strand_legacy_coverage_ge_0.8_or_reciprocal_ge_0.5		scaffold617	NW_011937204.1	125086	132906	-	Myeloid differentiation primary response protein MyD88  [Source:UniProtKB/TrEMBL;Acc:K1RJN9]														1
CGI_10012951	CGI_10012951		unresolved	cgigas_cgi_to_ncbi_gene_rs2024_06_v1	no_unique_same_strand_legacy_coverage_ge_0.8_or_reciprocal_ge_0.5		scaffold606	NW_011937022.1	256516	270880	+	NADH dehydrogenase [ubiquinone] 1 alpha subcomplex subunit 7  [Source:UniProtKB/TrEMBL;Acc:K1R0K2]														1
CGI_10013492	CGI_10013492		unresolved	cgigas_cgi_to_ncbi_gene_rs2024_06_v1	no_unique_same_strand_legacy_coverage_ge_0.8_or_reciprocal_ge_0.5		scaffold209	NW_011937909.1	229667	262245	+	Transposable element Tcb2 transposase  [Source:UniProtKB/TrEMBL;Acc:K1QTA7]														3
CGI_10013791	CGI_10013791		unresolved	cgigas_cgi_to_ncbi_gene_rs2024_06_v1	no_unique_same_strand_legacy_coverage_ge_0.8_or_reciprocal_ge_0.5		scaffold1409	NW_011937798.1	324495	351305	-															3
CGI_10013942	NCBI:GeneID:105326222		inferred	cgigas_cgi_to_ncbi_gene_rs2024_06_v1	unique_same_strand_legacy_coverage_ge_0.8_or_reciprocal_ge_0.5		scaffold1860	NW_011935048.1	115404	123003	-	Ankyrin repeat domain-containing protein 27  [Source:UniProtKB/TrEMBL;Acc:K1Q4I5]	105326222		115836	123084	7168	0.943158	0.988826	LOC105326222	ankyrin repeat domain-containing protein 27	NC_088855.1	30301612	30317271	-	1
CGI_10014038	CGI_10014038		unresolved	cgigas_cgi_to_ncbi_gene_rs2024_06_v1	legacy_novel_gene_no_genomic_model																					
CGI_10014398	CGI_10014398		unresolved	cgigas_cgi_to_ncbi_gene_rs2024_06_v1	no_unique_same_strand_legacy_coverage_ge_0.8_or_reciprocal_ge_0.5		scaffold1816	NW_011937011.1	110695	122090	+															1
CGI_10014469	NCBI:GeneID:105345576		inferred	cgigas_cgi_to_ncbi_gene_rs2024_06_v1	unique_coordinate_overlap_to_discontinued_ncbi_gene_then_ncbi_currentid		scaffold890	NW_011934741.1	138690	153467	-		105334002	105345576	138175	168246	14778	1.0	0.491421	LOC105345576	uncharacterized LOC105345576	NC_088859.1	32143703	32181952	+	1
CGI_10014945	CGI_10014945		unresolved	cgigas_cgi_to_ncbi_gene_rs2024_06_v1	no_unique_same_strand_legacy_coverage_ge_0.8_or_reciprocal_ge_0.5		scaffold1354	NW_011936075.1	367786	378141	+	Complement C1q-like protein 4  [Source:UniProtKB/TrEMBL;Acc:K1Q1Z8]														2
CGI_10015297	NCBI:GeneID:117692972		inferred	cgigas_cgi_to_ncbi_gene_rs2024_06_v1	unique_coordinate_overlap_to_discontinued_ncbi_gene_then_ncbi_currentid		scaffold44008	NW_011936817.1	252443	265115	-	Sal-like protein 3  [Source:UniProtKB/TrEMBL;Acc:K1P9L3]	105343715	117692972	250781	290382	12673	1.0	0.320009	LOC117692972	sal-like protein 1	NC_088855.1	32485190	32527037	-	1
CGI_10015364	NCBI:GeneID:105349068		inferred	cgigas_cgi_to_ncbi_gene_rs2024_06_v1	unique_same_strand_legacy_coverage_ge_0.8_or_reciprocal_ge_0.5		scaffold1138	NW_011937400.1	12333	14967	-		105349068		3009	15371	2635	1.0	0.213136	LOC105349068	uncharacterized LOC105349068	NC_088854.1	12638000	12642181	+	1
CGI_10016002	NCBI:GeneID:109621173		inferred	cgigas_cgi_to_ncbi_gene_rs2024_06_v1	unique_coordinate_overlap_to_discontinued_ncbi_gene_then_ncbi_currentid		scaffold719	NW_011938069.1	161242	177672	-		105322911	109621173	155028	173306	12065	0.734283	0.660047	LOC109621173	uncharacterized LOC109621173	NC_088853.1	68400935	68402446	+	1
CGI_10016700	NCBI:GeneID:105332479		inferred	cgigas_cgi_to_ncbi_gene_rs2024_06_v1	unique_same_strand_legacy_coverage_ge_0.8_or_reciprocal_ge_0.5		scaffold1863	NW_011935651.1	445523	448225	+		105332479		444865	448399	2703	1.0	0.764639	LOC105332479	cytochrome b-245 chaperone 1	NC_088859.1	6393294	6396798	-	1
CGI_10016873	CGI_10016873		unresolved	cgigas_cgi_to_ncbi_gene_rs2024_06_v1	no_unique_same_strand_legacy_coverage_ge_0.8_or_reciprocal_ge_0.5		scaffold1579	NW_011937869.1	367653	387162	+	Innexin unc-9  [Source:UniProtKB/TrEMBL;Acc:K1QCA5]														2
CGI_10017120	CGI_10017120		unresolved	cgigas_cgi_to_ncbi_gene_rs2024_06_v1	legacy_ncbi_gene_discontinued_without_current_replacement		scaffold1397	NW_011937570.1	206907	222276	-		105318316				8159	0.530839	0.919946							
CGI_10017270	CGI_10017270		unresolved	cgigas_cgi_to_ncbi_gene_rs2024_06_v1	no_unique_same_strand_legacy_coverage_ge_0.8_or_reciprocal_ge_0.5		scaffold63	NW_011935839.1	86545	96512	-															1
CGI_10017364	CGI_10017364		unresolved	cgigas_cgi_to_ncbi_gene_rs2024_06_v1	legacy_ncbi_gene_discontinued_without_current_replacement		scaffold1554	NW_011936205.1	154634	155946	-	Complement C1q tumor necrosis factor-related protein 3  [Source:UniProtKB/TrEMBL;Acc:K1QCZ4]	105337993				1313	1.0	0.987218							
CGI_10017830	CGI_10017830		unresolved	cgigas_cgi_to_ncbi_gene_rs2024_06_v1	legacy_ncbi_gene_discontinued_without_current_replacement		scaffold1077	NW_011937275.1	387371	414102	+	Insulin-degrading enzyme  [Source:UniProtKB/TrEMBL;Acc:K1Q9A5]	105347851				26732	1.0	0.831684							
CGI_10018182	NCBI:GeneID:105325493		inferred	cgigas_cgi_to_ncbi_gene_rs2024_06_v1	unique_same_strand_legacy_coverage_ge_0.8_or_reciprocal_ge_0.5		scaffold459	NW_011942135.1	336071	337871	+	Liver carboxylesterase 4  [Source:UniProtKB/TrEMBL;Acc:K1QZK7]	105325493		332928	337948	1801	1.0	0.358693	LOC105325493	carboxylesterase 1C	NC_088853.1	45770366	45784431	+	1
CGI_10018622	NCBI:GeneID:105334789		inferred	cgigas_cgi_to_ncbi_gene_rs2024_06_v1	unique_coordinate_overlap_to_discontinued_ncbi_gene_then_ncbi_currentid		scaffold163	NW_011935891.1	333507	361685	+	Hemicentin-1  [Source:UniProtKB/TrEMBL;Acc:K1RAK1]	105334806	105334789	338709	354081	15373	0.545548	1.0	LOC105334789	uncharacterized LOC105334789	NC_088859.1	16478217	16505994	+	1
CGI_10018833	NCBI:GeneID:105318809		inferred	cgigas_cgi_to_ncbi_gene_rs2024_06_v1	unique_same_strand_legacy_coverage_ge_0.8_or_reciprocal_ge_0.5		scaffold298	NW_011937614.1	459042	461079	-	Extracellular superoxide dismutase [Cu-Zn]  [Source:UniProtKB/TrEMBL;Acc:K1RVZ4]	105318809		458941	461174	2038	1.0	0.912265	LOC105318809	uncharacterized LOC105318809	NC_088862.1	2594625	2596882	+	1
CGI_10019357	CGI_10019357		unresolved	cgigas_cgi_to_ncbi_gene_rs2024_06_v1	legacy_ncbi_gene_discontinued_without_current_replacement		scaffold317	NW_011937283.1	411915	412268	-	Caprin-2  [Source:UniProtKB/TrEMBL;Acc:K1RBU7]	105348028				354	1.0	0.386041							
CGI_10019614	NCBI:GeneID:105321711		inferred	cgigas_cgi_to_ncbi_gene_rs2024_06_v1	unique_same_strand_legacy_coverage_ge_0.8_or_reciprocal_ge_0.5		scaffold1889	NW_011937917.1	323907	326641	+	Transcription factor HES-1  [Source:UniProtKB/TrEMBL;Acc:K1QPH8]	105321711		323749	326990	2735	1.0	0.843615	LOC105321711	protein hairy	NC_088855.1	6812524	6815705	+	1
CGI_10019635	CGI_10019635		unresolved	cgigas_cgi_to_ncbi_gene_rs2024_06_v1	legacy_ncbi_gene_discontinued_without_current_replacement		scaffold1896	NW_011937177.1	122415	155765	-		105346950				33351	1.0	0.558812							
CGI_10019809	CGI_10019809		unresolved	cgigas_cgi_to_ncbi_gene_rs2024_06_v1	legacy_novel_gene_no_genomic_model																					
CGI_10020024	CGI_10020024		unresolved	cgigas_cgi_to_ncbi_gene_rs2024_06_v1	no_unique_same_strand_legacy_coverage_ge_0.8_or_reciprocal_ge_0.5		scaffold948	NW_011937706.1	412682	418646	-	Tripartite motif-containing protein 2  [Source:UniProtKB/TrEMBL;Acc:K1QS24]														1
CGI_10020949	CGI_10020949		unresolved	cgigas_cgi_to_ncbi_gene_rs2024_06_v1	legacy_ncbi_gene_discontinued_without_current_replacement		scaffold1736	NW_011936942.1	44144	44524	-		105344619				381	1.0	0.055923							
CGI_10021245	NCBI:GeneID:105347437		inferred	cgigas_cgi_to_ncbi_gene_rs2024_06_v1	unique_same_strand_legacy_coverage_ge_0.8_or_reciprocal_ge_0.5		scaffold157	NW_011937207.1	341538	342971	+		105347437		341013	347974	1434	1.0	0.205975	LOC105347437	uncharacterized LOC105347437	NC_088859.1	38739258	38746267	-	1
CGI_10021590	CGI_10021590		unresolved	cgigas_cgi_to_ncbi_gene_rs2024_06_v1	no_unique_same_strand_legacy_coverage_ge_0.8_or_reciprocal_ge_0.5		scaffold237	NW_011937642.1	661741	674827	+	Dpy-19-like protein 3  [Source:UniProtKB/TrEMBL;Acc:K1R1G3]														2
CGI_10021953	NCBI:GeneID:105344245		inferred	cgigas_cgi_to_ncbi_gene_rs2024_06_v1	unique_same_strand_legacy_coverage_ge_0.8_or_reciprocal_ge_0.5		scaffold1086	NW_011936912.1	657822	659941	-		105344245		657683	660056	2120	1.0	0.893008	LOC105344245	uncharacterized LOC105344245	NC_088854.1	49214151	49246778	-	1
CGI_10022003	CGI_10022003		unresolved	cgigas_cgi_to_ncbi_gene_rs2024_06_v1	ambiguous_multiple_same_strand_legacy_coverage_ge_0.8_or_reciprocal_ge_0.5		scaffold721	NW_011935145.1	405492	410531	+	Collagen alpha-1(XII) chain  [Source:UniProtKB/TrEMBL;Acc:K1RHA0]														2
CGI_10022648	CGI_10022648		unresolved	cgigas_cgi_to_ncbi_gene_rs2024_06_v1	no_unique_same_strand_legacy_coverage_ge_0.8_or_reciprocal_ge_0.5		scaffold1360	NW_011934984.1	336449	337597	-	Serpin B8  [Source:UniProtKB/TrEMBL;Acc:K1Q946]														0
CGI_10022740	NCBI:GeneID:105340479		inferred	cgigas_cgi_to_ncbi_gene_rs2024_06_v1	unique_same_strand_legacy_coverage_ge_0.8_or_reciprocal_ge_0.5		scaffold365	NW_011936474.1	478293	489589	-	CD2-associated protein  [Source:UniProtKB/TrEMBL;Acc:K1QWQ4]	105340479		457521	489690	11297	1.0	0.351166	LOC105340479	SH3 domain-containing kinase-binding protein 1	NC_088861.1	9093381	9122617	+	1
CGI_10022807	NCBI:GeneID:105331506		inferred	cgigas_cgi_to_ncbi_gene_rs2024_06_v1	unique_coordinate_overlap_to_discontinued_ncbi_gene_then_ncbi_currentid		scaffold413	NW_011936049.1	518859	522982	-	28 kDa heat-and acid-stable phosphoprotein  [Source:UniProtKB/TrEMBL;Acc:K1QU88]	105336467	105331506	517681	522901	4043	0.980359	0.774373	LOC105331506	28 kDa heat- and acid-stable phosphoprotein	NC_088859.1	50851078	50869349	+	1
CGI_10022884	NCBI:GeneID:105340536		inferred	cgigas_cgi_to_ncbi_gene_rs2024_06_v1	unique_same_strand_legacy_coverage_ge_0.8_or_reciprocal_ge_0.5		scaffold144	NW_011936476.1	148351	174013	+		105340536		147444	174125	25663	1.0	0.961809	LOC105340536	T-cell activation inhibitor, mitochondrial	NC_088855.1	6089681	6095741	+	1
CGI_10022921	CGI_10022921		unresolved	cgigas_cgi_to_ncbi_gene_rs2024_06_v1	multiple_selected_legacy_features_map_to_same_current_gene	NCBI:GeneID:105340347	scaffold950	NW_011934809.1	120921	143232	+	Ankyrin repeat domain-containing protein 54  [Source:UniProtKB/TrEMBL;Acc:K1QS08]	105340347		114408	146280	22312	1.0	0.700028	LOC105340347	uncharacterized LOC105340347	NC_088855.1	25058424	25098381	-	1
CGI_10022922	CGI_10022922		unresolved	cgigas_cgi_to_ncbi_gene_rs2024_06_v1	multiple_selected_legacy_features_map_to_same_current_gene	NCBI:GeneID:105340347	scaffold950	NW_011934809.1	143933	145852	+		105340347		114408	146280	1920	1.0	0.060239	LOC105340347	uncharacterized LOC105340347	NC_088855.1	25058424	25098381	-	1
CGI_10022941	NCBI:GeneID:105347705		inferred	cgigas_cgi_to_ncbi_gene_rs2024_06_v1	unique_coordinate_overlap_to_discontinued_ncbi_gene_then_ncbi_currentid		scaffold169	NW_011938047.1	56211	57964	+	Galectin-8  [Source:UniProtKB/TrEMBL;Acc:K1R419]	105322758	105347705	47671	58453	1754	1.0	0.162663	LOC105347705	galectin-4	NC_088858.1	19350766	19358501	-	1
CGI_10023314	CGI_10023314		unresolved	cgigas_cgi_to_ncbi_gene_rs2024_06_v1	no_unique_same_strand_legacy_coverage_ge_0.8_or_reciprocal_ge_0.5		scaffold1132	NW_011935736.1	207782	231438	-	Receptor-type tyrosine-protein phosphatase gamma  [Source:UniProtKB/TrEMBL;Acc:K1R7L2]														1
CGI_10023468	CGI_10023468		unresolved	cgigas_cgi_to_ncbi_gene_rs2024_06_v1	ncbi_replacement_gene_absent_from_current_annotation		scaffold1149	NW_011937968.1	494232	495588	+	Beta-1,3-galactosyl-O-glycosyl-glycoprotein beta-1,6-N-acetylglucosaminyltransferase 3  [Source:UniProtKB/TrEMBL;Acc:K1Q099]	105322095	109619687			1357	1.0	0.753052							
CGI_10023822	NCBI:GeneID:105324940		inferred	cgigas_cgi_to_ncbi_gene_rs2024_06_v1	unique_same_strand_legacy_coverage_ge_0.8_or_reciprocal_ge_0.5		scaffold1189	NW_011942122.1	544504	556179	-	Formin-binding protein 1-like protein  [Source:UniProtKB/TrEMBL;Acc:K1PYZ6]	105324940		541930	566976	11676	1.0	0.466164	LOC105324940	formin-binding protein 1-like	NC_088854.1	28736821	28761961	+	1
CGI_10024054	NCBI:GeneID:105329159		inferred	cgigas_cgi_to_ncbi_gene_rs2024_06_v1	unique_same_strand_legacy_coverage_ge_0.8_or_reciprocal_ge_0.5		scaffold1741	NW_011935294.1	828645	830552	-		105329159		828330	830574	1908	1.0	0.849889	LOC105329159	hypothetical protein	NC_088861.1	43903921	43906084	+	1
CGI_10024064	NCBI:GeneID:109617077		inferred	cgigas_cgi_to_ncbi_gene_rs2024_06_v1	unique_same_strand_legacy_coverage_ge_0.8_or_reciprocal_ge_0.5		scaffold801	NW_011935060.1	99805	103731	+	Rho-related protein racA  [Source:UniProtKB/TrEMBL;Acc:K1Q7G0]	109617077		99691	104475	3927	1.0	0.82069	LOC109617077	rho-related protein racA	NC_088857.1	3622702	3630226	+	1
CGI_10024254	NCBI:GeneID:105321505		inferred	cgigas_cgi_to_ncbi_gene_rs2024_06_v1	unique_same_strand_legacy_coverage_ge_0.8_or_reciprocal_ge_0.5		scaffold1219	NW_011937913.1	183505	190496	-		105321505		182805	190589	6992	1.0	0.898137	LOC105321505	uncharacterized LOC105321505	NC_088855.1	57429950	57435629	-	1
CGI_10024459	CGI_10024459		unresolved	cgigas_cgi_to_ncbi_gene_rs2024_06_v1	legacy_ncbi_gene_discontinued_without_current_replacement		scaffold271	NW_011935627.1	165937	177544	-	Tyrosine-protein kinase receptor Tie-1  [Source:UniProtKB/TrEMBL;Acc:K1RWM2]	105332011				8782	0.756547	0.656696							
CGI_10024482	NCBI:GeneID:105332034		inferred	cgigas_cgi_to_ncbi_gene_rs2024_06_v1	unique_same_strand_legacy_coverage_ge_0.8_or_reciprocal_ge_0.5		scaffold271	NW_011935627.1	487379	491547	+		105332034		487225	493890	4169	1.0	0.625413	LOC105332034	uncharacterized LOC105332034	NC_088855.1	54378096	54384688	-	1
CGI_10025961	CGI_10025961		unresolved	cgigas_cgi_to_ncbi_gene_rs2024_06_v1	no_unique_same_strand_legacy_coverage_ge_0.8_or_reciprocal_ge_0.5		scaffold334	NW_011936558.1	747173	764883	-															1
CGI_10026192	NCBI:GeneID:105337015		inferred	cgigas_cgi_to_ncbi_gene_rs2024_06_v1	unique_same_strand_legacy_coverage_ge_0.8_or_reciprocal_ge_0.5		scaffold1154	NW_011936103.1	818627	819951	-		105337015		818162	820131	1325	1.0	0.672589	LOC105337015	uncharacterized LOC105337015	NC_088858.1	47521697	47523667	-	1
CGI_10026304	NCBI:GeneID:105345814		inferred	cgigas_cgi_to_ncbi_gene_rs2024_06_v1	unique_same_strand_legacy_coverage_ge_0.8_or_reciprocal_ge_0.5		scaffold1836	NW_011937073.1	760238	761170	-	CCAAT/enhancer-binding protein delta  [Source:UniProtKB/TrEMBL;Acc:K1PR50]	105345814		760008	761190	933	1.0	0.788673	LOC105345814	CCAAT/enhancer-binding protein beta	NC_088855.1	53584825	53586014	-	1
CGI_10026431	NCBI:GeneID:105326482		inferred	cgigas_cgi_to_ncbi_gene_rs2024_06_v1	unique_same_strand_legacy_coverage_ge_0.8_or_reciprocal_ge_0.5		scaffold100	NW_011935061.1	377668	378195	+		105326482		377319	378471	528	1.0	0.457936	LOC105326482	uncharacterized LOC105326482	NC_088855.1	14138594	14139730	+	1
CGI_10026819	CGI_10026819		unresolved	cgigas_cgi_to_ncbi_gene_rs2024_06_v1	legacy_novel_gene_no_genomic_model																					
CGI_10026860	CGI_10026860		unresolved	cgigas_cgi_to_ncbi_gene_rs2024_06_v1	ncbi_replacement_gene_absent_from_current_annotation		scaffold601	NW_011935931.1	1189785	1192006	+	Putative inhibitor of apoptosis  [Source:UniProtKB/TrEMBL;Acc:K1R0S8]	105335321	105337800			2222	1.0	0.255667							
CGI_10027146	NCBI:GeneID:105325026		inferred	cgigas_cgi_to_ncbi_gene_rs2024_06_v1	unique_same_strand_legacy_coverage_ge_0.8_or_reciprocal_ge_0.5		scaffold1599	NW_011942124.1	348384	369888	+		105325026		350799	393498	19090	0.887701	0.447073	LOC105325026	kin of IRRE-like protein 1	NC_088854.1	55287290	55333859	+	1
CGI_10027667	NCBI:GeneID:105332364		inferred	cgigas_cgi_to_ncbi_gene_rs2024_06_v1	unique_same_strand_legacy_coverage_ge_0.8_or_reciprocal_ge_0.5		scaffold962	NW_011935648.1	835953	839633	-		105332364		833639	842709	3681	1.0	0.405799	LOC105332364	contactin-2	NC_088854.1	58021601	58027693	+	1
CGI_10027877	NCBI:GeneID:105347888		inferred	cgigas_cgi_to_ncbi_gene_rs2024_06_v1	unique_same_strand_legacy_coverage_ge_0.8_or_reciprocal_ge_0.5		scaffold257	NW_011937279.1	66466	71796	+	Kyphoscoliosis peptidase  [Source:UniProtKB/TrEMBL;Acc:K1R7C8]	105347888		65117	71926	5331	1.0	0.782819	LOC105347888	lim and transglutaminase domain protein ltd-1	NC_088858.1	5799459	5806219	+	1
CGI_10027954	NCBI:GeneID:105323449		inferred	cgigas_cgi_to_ncbi_gene_rs2024_06_v1	unique_coordinate_overlap_to_discontinued_ncbi_gene_then_ncbi_currentid		scaffold257	NW_011937279.1	1437434	1442141	-	Haloacid dehalogenase-like hydrolase domain-containing protein 1A  [Source:UniProtKB/TrEMBL;Acc:K1RE08]	105347971	105323449	1436010	1442176	4708	1.0	0.763418	LOC105323449	pseudouridine-5'-phosphatase	NC_088860.1	15000619	15014045	-	1
CGI_10028184	NCBI:GeneID:105348472		inferred	cgigas_cgi_to_ncbi_gene_rs2024_06_v1	unique_same_strand_legacy_coverage_ge_0.8_or_reciprocal_ge_0.5		scaffold86	NW_011937337.1	1007051	1026538	-	Thyroid peroxidase  [Source:UniProtKB/TrEMBL;Acc:K1S3K5]	105348472		1006995	1017167	10117	0.51914	0.994495	LOC105348472	immunoglobulin superfamily member 22-like	NC_088859.1	27354648	27399442	+	1
CGI_10028633	NCBI:GeneID:105328475		inferred	cgigas_cgi_to_ncbi_gene_rs2024_06_v1	unique_same_strand_legacy_coverage_ge_0.8_or_reciprocal_ge_0.5		scaffold150	NW_011935256.1	954138	954808	+	Ras-related protein Rac1  [Source:UniProtKB/TrEMBL;Acc:K1RB78]	105328475		954068	955212	671	1.0	0.586026	LOC105328475	cdc42 homolog	NC_088858.1	5481975	5483108	+	1
Crassostrea_gigas_newGene_10925	Crassostrea_gigas_newGene_10925		unresolved	cgigas_cgi_to_ncbi_gene_rs2024_06_v1	legacy_novel_gene_no_genomic_model																					
Crassostrea_gigas_newGene_10935	Crassostrea_gigas_newGene_10935		unresolved	cgigas_cgi_to_ncbi_gene_rs2024_06_v1	legacy_novel_gene_no_genomic_model																					
Crassostrea_gigas_newGene_11340	Crassostrea_gigas_newGene_11340		unresolved	cgigas_cgi_to_ncbi_gene_rs2024_06_v1	legacy_novel_gene_no_genomic_model																					
Crassostrea_gigas_newGene_11355	Crassostrea_gigas_newGene_11355		unresolved	cgigas_cgi_to_ncbi_gene_rs2024_06_v1	legacy_novel_gene_no_genomic_model																					
Crassostrea_gigas_newGene_15457	Crassostrea_gigas_newGene_15457		unresolved	cgigas_cgi_to_ncbi_gene_rs2024_06_v1	legacy_novel_gene_no_genomic_model																					
Crassostrea_gigas_newGene_19207	Crassostrea_gigas_newGene_19207		unresolved	cgigas_cgi_to_ncbi_gene_rs2024_06_v1	legacy_novel_gene_no_genomic_model																					
Crassostrea_gigas_newGene_20835	Crassostrea_gigas_newGene_20835		unresolved	cgigas_cgi_to_ncbi_gene_rs2024_06_v1	legacy_novel_gene_no_genomic_model																					
Crassostrea_gigas_newGene_21273	Crassostrea_gigas_newGene_21273		unresolved	cgigas_cgi_to_ncbi_gene_rs2024_06_v1	legacy_novel_gene_no_genomic_model																					
Crassostrea_gigas_newGene_21468	Crassostrea_gigas_newGene_21468		unresolved	cgigas_cgi_to_ncbi_gene_rs2024_06_v1	legacy_novel_gene_no_genomic_model																					
Crassostrea_gigas_newGene_21475	Crassostrea_gigas_newGene_21475		unresolved	cgigas_cgi_to_ncbi_gene_rs2024_06_v1	legacy_novel_gene_no_genomic_model																					
Crassostrea_gigas_newGene_24150	Crassostrea_gigas_newGene_24150		unresolved	cgigas_cgi_to_ncbi_gene_rs2024_06_v1	legacy_novel_gene_no_genomic_model																					
Crassostrea_gigas_newGene_25568	Crassostrea_gigas_newGene_25568		unresolved	cgigas_cgi_to_ncbi_gene_rs2024_06_v1	legacy_novel_gene_no_genomic_model																					
Crassostrea_gigas_newGene_2560	Crassostrea_gigas_newGene_2560		unresolved	cgigas_cgi_to_ncbi_gene_rs2024_06_v1	legacy_novel_gene_no_genomic_model																					
Crassostrea_gigas_newGene_2604	Crassostrea_gigas_newGene_2604		unresolved	cgigas_cgi_to_ncbi_gene_rs2024_06_v1	legacy_novel_gene_no_genomic_model																					
Crassostrea_gigas_newGene_26515	Crassostrea_gigas_newGene_26515		unresolved	cgigas_cgi_to_ncbi_gene_rs2024_06_v1	legacy_novel_gene_no_genomic_model																					
Crassostrea_gigas_newGene_27362	Crassostrea_gigas_newGene_27362		unresolved	cgigas_cgi_to_ncbi_gene_rs2024_06_v1	legacy_novel_gene_no_genomic_model																					
Crassostrea_gigas_newGene_28	Crassostrea_gigas_newGene_28		unresolved	cgigas_cgi_to_ncbi_gene_rs2024_06_v1	legacy_novel_gene_no_genomic_model																					
Crassostrea_gigas_newGene_28773	Crassostrea_gigas_newGene_28773		unresolved	cgigas_cgi_to_ncbi_gene_rs2024_06_v1	legacy_novel_gene_no_genomic_model																					
Crassostrea_gigas_newGene_30349	Crassostrea_gigas_newGene_30349		unresolved	cgigas_cgi_to_ncbi_gene_rs2024_06_v1	legacy_novel_gene_no_genomic_model																					
Crassostrea_gigas_newGene_32107	Crassostrea_gigas_newGene_32107		unresolved	cgigas_cgi_to_ncbi_gene_rs2024_06_v1	legacy_novel_gene_no_genomic_model																					
Crassostrea_gigas_newGene_33204	Crassostrea_gigas_newGene_33204		unresolved	cgigas_cgi_to_ncbi_gene_rs2024_06_v1	legacy_novel_gene_no_genomic_model																					
Crassostrea_gigas_newGene_3329	Crassostrea_gigas_newGene_3329		unresolved	cgigas_cgi_to_ncbi_gene_rs2024_06_v1	legacy_novel_gene_no_genomic_model																					
Crassostrea_gigas_newGene_33348	Crassostrea_gigas_newGene_33348		unresolved	cgigas_cgi_to_ncbi_gene_rs2024_06_v1	legacy_novel_gene_no_genomic_model																					
Crassostrea_gigas_newGene_35755	Crassostrea_gigas_newGene_35755		unresolved	cgigas_cgi_to_ncbi_gene_rs2024_06_v1	legacy_novel_gene_no_genomic_model																					
Crassostrea_gigas_newGene_35804	Crassostrea_gigas_newGene_35804		unresolved	cgigas_cgi_to_ncbi_gene_rs2024_06_v1	legacy_novel_gene_no_genomic_model																					
Crassostrea_gigas_newGene_36459	Crassostrea_gigas_newGene_36459		unresolved	cgigas_cgi_to_ncbi_gene_rs2024_06_v1	legacy_novel_gene_no_genomic_model																					
Crassostrea_gigas_newGene_37076	Crassostrea_gigas_newGene_37076		unresolved	cgigas_cgi_to_ncbi_gene_rs2024_06_v1	legacy_novel_gene_no_genomic_model																					
Crassostrea_gigas_newGene_39776	Crassostrea_gigas_newGene_39776		unresolved	cgigas_cgi_to_ncbi_gene_rs2024_06_v1	legacy_novel_gene_no_genomic_model																					
Crassostrea_gigas_newGene_40298	Crassostrea_gigas_newGene_40298		unresolved	cgigas_cgi_to_ncbi_gene_rs2024_06_v1	legacy_novel_gene_no_genomic_model																					
Crassostrea_gigas_newGene_41241	Crassostrea_gigas_newGene_41241		unresolved	cgigas_cgi_to_ncbi_gene_rs2024_06_v1	legacy_novel_gene_no_genomic_model																					
Crassostrea_gigas_newGene_4961	Crassostrea_gigas_newGene_4961		unresolved	cgigas_cgi_to_ncbi_gene_rs2024_06_v1	legacy_novel_gene_no_genomic_model																					
Crassostrea_gigas_newGene_5042	Crassostrea_gigas_newGene_5042		unresolved	cgigas_cgi_to_ncbi_gene_rs2024_06_v1	legacy_novel_gene_no_genomic_model																					
Crassostrea_gigas_newGene_5827	Crassostrea_gigas_newGene_5827		unresolved	cgigas_cgi_to_ncbi_gene_rs2024_06_v1	legacy_novel_gene_no_genomic_model																					
Crassostrea_gigas_newGene_6381	Crassostrea_gigas_newGene_6381		unresolved	cgigas_cgi_to_ncbi_gene_rs2024_06_v1	legacy_novel_gene_no_genomic_model																					
Crassostrea_gigas_newGene_6745	Crassostrea_gigas_newGene_6745		unresolved	cgigas_cgi_to_ncbi_gene_rs2024_06_v1	legacy_novel_gene_no_genomic_model																					
Crassostrea_gigas_newGene_788	Crassostrea_gigas_newGene_788		unresolved	cgigas_cgi_to_ncbi_gene_rs2024_06_v1	legacy_novel_gene_no_genomic_model																					
Crassostrea_gigas_newGene_7956	Crassostrea_gigas_newGene_7956		unresolved	cgigas_cgi_to_ncbi_gene_rs2024_06_v1	legacy_novel_gene_no_genomic_model																					
Crassostrea_gigas_newGene_9842	Crassostrea_gigas_newGene_9842		unresolved	cgigas_cgi_to_ncbi_gene_rs2024_06_v1	legacy_novel_gene_no_genomic_model																					
