study_id	condition	replicate	population	viral_strain	run_accession	experiment_accession	library_name	layout	read_length_bp	read_count	base_count	fastq_1	fastq_2	fastq_1_bytes	fastq_2_bytes	fastq_1_md5	fastq_2_md5	assignment_evidence
CGIG_OSHV1_RNASEQ_PRJNA1329250	control	Midori1	Midori	none	SRR35422870	SRX30502231		paired	151	34285817	10354316734	https://ftp.sra.ebi.ac.uk/vol1/fastq/SRR354/070/SRR35422870/SRR35422870_1.fastq.gz	https://ftp.sra.ebi.ac.uk/vol1/fastq/SRR354/070/SRR35422870/SRR35422870_2.fastq.gz	2458567810	2513158278	7efdb4b25982deab4d00de205e122c16	3de8d64ab6890fdc1e0200d20567a857	NCBI BioSample breed=Midori, Viral strain=Control, Replication=1, tissue=soft tissues, dev_stage=spat
CGIG_OSHV1_RNASEQ_PRJNA1329250	control	Midori2	Midori	none	SRR35422869	SRX30502232		paired	151	34458955	10406604410	https://ftp.sra.ebi.ac.uk/vol1/fastq/SRR354/069/SRR35422869/SRR35422869_1.fastq.gz	https://ftp.sra.ebi.ac.uk/vol1/fastq/SRR354/069/SRR35422869/SRR35422869_2.fastq.gz	2479456795	2573489295	5f555caca01bcabbdcf9e01357781a10	eb07a3450225d39358998974d4f0755f	NCBI BioSample breed=Midori, Viral strain=Control, Replication=2, tissue=soft tissues, dev_stage=spat
CGIG_OSHV1_RNASEQ_PRJNA1329250	control	Midori3	Midori	none	SRR35422868	SRX30502233		paired	151	40254130	12156747260	https://ftp.sra.ebi.ac.uk/vol1/fastq/SRR354/068/SRR35422868/SRR35422868_1.fastq.gz	https://ftp.sra.ebi.ac.uk/vol1/fastq/SRR354/068/SRR35422868/SRR35422868_2.fastq.gz	2873076345	2942473033	3cb5588cc0568151c491fae4d8fb847a	961c6988994bcd4a819d6ece0ab05b09	NCBI BioSample breed=Midori, Viral strain=Control, Replication=3, tissue=soft tissues, dev_stage=spat
CGIG_OSHV1_RNASEQ_PRJNA1329250	control	Midori4	Midori	none	SRR35422867	SRX30502234		paired	151	32165693	9714039286	https://ftp.sra.ebi.ac.uk/vol1/fastq/SRR354/067/SRR35422867/SRR35422867_1.fastq.gz	https://ftp.sra.ebi.ac.uk/vol1/fastq/SRR354/067/SRR35422867/SRR35422867_2.fastq.gz	2308913833	2391747490	e0f92acdb4ca29e7cd91425408fde34c	2574fa32b518118e8eaafc619c125fcb	NCBI BioSample breed=Midori, Viral strain=Control, Replication=4, tissue=soft tissues, dev_stage=spat
CGIG_OSHV1_RNASEQ_PRJNA1329250	control	Midori5	Midori	none	SRR35422866	SRX30502235		paired	151	35387676	10687078152	https://ftp.sra.ebi.ac.uk/vol1/fastq/SRR354/066/SRR35422866/SRR35422866_1.fastq.gz	https://ftp.sra.ebi.ac.uk/vol1/fastq/SRR354/066/SRR35422866/SRR35422866_2.fastq.gz	2521043251	2608521795	3116ce4e3752d185963621a81d9af1ef	da9992b7214f8d7a736a01ecc761cd35	NCBI BioSample breed=Midori, Viral strain=Control, Replication=5, tissue=soft tissues, dev_stage=spat
CGIG_OSHV1_RNASEQ_PRJNA1329250	control	Midori6	Midori	none	SRR35422905	SRX30502196		paired	151	33879283	10231543466	https://ftp.sra.ebi.ac.uk/vol1/fastq/SRR354/005/SRR35422905/SRR35422905_1.fastq.gz	https://ftp.sra.ebi.ac.uk/vol1/fastq/SRR354/005/SRR35422905/SRR35422905_2.fastq.gz	2441473556	2550514506	71251be272d93a1e2cc1fb8ce9f3b5be	2b50a02150299d0f541076b1f7133c7a	NCBI BioSample breed=Midori, Viral strain=Control, Replication=6, tissue=soft tissues, dev_stage=spat
CGIG_OSHV1_RNASEQ_PRJNA1329250	control	Miyagi1	Miyagi	none	SRR35422888	SRX30502213		paired	151	32093408	9692209216	https://ftp.sra.ebi.ac.uk/vol1/fastq/SRR354/088/SRR35422888/SRR35422888_1.fastq.gz	https://ftp.sra.ebi.ac.uk/vol1/fastq/SRR354/088/SRR35422888/SRR35422888_2.fastq.gz	2255614938	2306414290	50cdcf6a2bd4bd61c57ee3cb03608242	a6b1b871c0312a9e3a60ef5648773c70	NCBI BioSample breed=Myagi, Viral strain=Control, Replication=1, tissue=soft tissues, dev_stage=spat
CGIG_OSHV1_RNASEQ_PRJNA1329250	control	Miyagi2	Miyagi	none	SRR35422887	SRX30502214		paired	151	35392627	10688573354	https://ftp.sra.ebi.ac.uk/vol1/fastq/SRR354/087/SRR35422887/SRR35422887_1.fastq.gz	https://ftp.sra.ebi.ac.uk/vol1/fastq/SRR354/087/SRR35422887/SRR35422887_2.fastq.gz	2527792072	2597130916	689d7738e71adfd0e212ca4b6c89a145	81581daeaf047523bf57e12c2c1b5750	NCBI BioSample breed=Myagi, Viral strain=Control, Replication=2, tissue=soft tissues, dev_stage=spat
CGIG_OSHV1_RNASEQ_PRJNA1329250	control	Miyagi3	Miyagi	none	SRR35422886	SRX30502215		paired	151	42054026	12700315852	https://ftp.sra.ebi.ac.uk/vol1/fastq/SRR354/086/SRR35422886/SRR35422886_1.fastq.gz	https://ftp.sra.ebi.ac.uk/vol1/fastq/SRR354/086/SRR35422886/SRR35422886_2.fastq.gz	2948203717	3062005052	8dbf8054a9c1ef80d68fae88e178948f	3bee19db23e846a36c17acddaa379517	NCBI BioSample breed=Myagi, Viral strain=Control, Replication=3, tissue=soft tissues, dev_stage=spat
CGIG_OSHV1_RNASEQ_PRJNA1329250	control	Miyagi4	Miyagi	none	SRR35422885	SRX30502216		paired	151	30393360	9178794720	https://ftp.sra.ebi.ac.uk/vol1/fastq/SRR354/085/SRR35422885/SRR35422885_1.fastq.gz	https://ftp.sra.ebi.ac.uk/vol1/fastq/SRR354/085/SRR35422885/SRR35422885_2.fastq.gz	2129868312	2200605468	c3e56e335387be13d8b0c92e928ccad3	37fe570954596dd2d8cec07bcfef31a3	NCBI BioSample breed=Myagi, Viral strain=Control, Replication=4, tissue=soft tissues, dev_stage=spat
CGIG_OSHV1_RNASEQ_PRJNA1329250	control	Miyagi5	Miyagi	none	SRR35422883	SRX30502218		paired	151	35813365	10815636230	https://ftp.sra.ebi.ac.uk/vol1/fastq/SRR354/083/SRR35422883/SRR35422883_1.fastq.gz	https://ftp.sra.ebi.ac.uk/vol1/fastq/SRR354/083/SRR35422883/SRR35422883_2.fastq.gz	2569992594	2660115591	affb2cb1f42b6a8fc431207e41a98220	7bef79b9948b554ddc2c0ebaa15bfeab	NCBI BioSample breed=Myagi, Viral strain=Control, Replication=5, tissue=soft tissues, dev_stage=spat
CGIG_OSHV1_RNASEQ_PRJNA1329250	control	Miyagi6	Miyagi	none	SRR35422882	SRX30502219		paired	151	38978309	11771449318	https://ftp.sra.ebi.ac.uk/vol1/fastq/SRR354/082/SRR35422882/SRR35422882_1.fastq.gz	https://ftp.sra.ebi.ac.uk/vol1/fastq/SRR354/082/SRR35422882/SRR35422882_2.fastq.gz	2728561259	2858533644	391a62cf7d3d8ac242579a48e73c5633	c0160e5f0f3c137e67a9fc362f4ba409	NCBI BioSample breed=Myagi, Viral strain=Control, Replication=6, tissue=soft tissues, dev_stage=spat
CGIG_OSHV1_RNASEQ_PRJNA1329250	oshv1_uvar	MidoriAustralia1	Midori	Australia	SRR35422907	SRX30502194		paired	151	34028306	10276548412	https://ftp.sra.ebi.ac.uk/vol1/fastq/SRR354/007/SRR35422907/SRR35422907_1.fastq.gz	https://ftp.sra.ebi.ac.uk/vol1/fastq/SRR354/007/SRR35422907/SRR35422907_2.fastq.gz	2433230937	2509848790	5172f4af82685eefea570525289b294d	3121a1a00f64a754938d9031599c871e	NCBI BioSample breed=Midori, Viral strain=Australia, Replication=1, tissue=soft tissues, dev_stage=spat
CGIG_OSHV1_RNASEQ_PRJNA1329250	oshv1_uvar	MidoriAustralia2	Midori	Australia	SRR35422906	SRX30502195		paired	151	29319705	8854550910	https://ftp.sra.ebi.ac.uk/vol1/fastq/SRR354/006/SRR35422906/SRR35422906_1.fastq.gz	https://ftp.sra.ebi.ac.uk/vol1/fastq/SRR354/006/SRR35422906/SRR35422906_2.fastq.gz	2068460872	2149587674	12da32848e87875f8804d966016e9da6	cbf01d67750eac4531e758719432323b	NCBI BioSample breed=Midori, Viral strain=Australia, Replication=2, tissue=soft tissues, dev_stage=spat
CGIG_OSHV1_RNASEQ_PRJNA1329250	oshv1_uvar	MidoriAustralia3	Midori	Australia	SRR35422895	SRX30502206		paired	151	39136076	11819094952	https://ftp.sra.ebi.ac.uk/vol1/fastq/SRR354/095/SRR35422895/SRR35422895_1.fastq.gz	https://ftp.sra.ebi.ac.uk/vol1/fastq/SRR354/095/SRR35422895/SRR35422895_2.fastq.gz	2804232519	2883253822	045f1b005a1f19165fde257ce9a20fff	8dfa7bb58ce6973c98d24b78f9c59a36	NCBI BioSample breed=Midori, Viral strain=Australia, Replication=3, tissue=soft tissues, dev_stage=spat
CGIG_OSHV1_RNASEQ_PRJNA1329250	oshv1_uvar	MidoriAustralia4	Midori	Australia	SRR35422884	SRX30502217		paired	151	37687305	11381566110	https://ftp.sra.ebi.ac.uk/vol1/fastq/SRR354/084/SRR35422884/SRR35422884_1.fastq.gz	https://ftp.sra.ebi.ac.uk/vol1/fastq/SRR354/084/SRR35422884/SRR35422884_2.fastq.gz	2708822755	2796217895	cb13dfccd1451921437019a944dd5bca	95cb4b0cf6b574bb15010ecbfc632fcc	NCBI BioSample breed=Midori, Viral strain=Australia, Replication=4, tissue=soft tissues, dev_stage=spat
CGIG_OSHV1_RNASEQ_PRJNA1329250	oshv1_uvar	MidoriAustralia5	Midori	Australia	SRR35422873	SRX30502228		paired	151	38771717	11709058534	https://ftp.sra.ebi.ac.uk/vol1/fastq/SRR354/073/SRR35422873/SRR35422873_1.fastq.gz	https://ftp.sra.ebi.ac.uk/vol1/fastq/SRR354/073/SRR35422873/SRR35422873_2.fastq.gz	2761511417	2830690363	60eb58cf1860181b96da8eb8c19d327b	0c91d23fddd86180f0c311bce27d51bb	NCBI BioSample breed=Midori, Viral strain=Australia, Replication=5, tissue=soft tissues, dev_stage=spat
CGIG_OSHV1_RNASEQ_PRJNA1329250	oshv1_uvar	MidoriFrance1	Midori	France	SRR35422904	SRX30502197		paired	151	43203958	13047595316	https://ftp.sra.ebi.ac.uk/vol1/fastq/SRR354/004/SRR35422904/SRR35422904_1.fastq.gz	https://ftp.sra.ebi.ac.uk/vol1/fastq/SRR354/004/SRR35422904/SRR35422904_2.fastq.gz	3097913629	3221046581	29a4439ae08ada364a7932ec6f87b5e7	5c611d8a95ae14ccfe39b82be957eaa9	NCBI BioSample breed=Midori, Viral strain=France, Replication=1, tissue=soft tissues, dev_stage=spat
CGIG_OSHV1_RNASEQ_PRJNA1329250	oshv1_uvar	MidoriFrance2	Midori	France	SRR35422903	SRX30502198		paired	151	37792319	11413280338	https://ftp.sra.ebi.ac.uk/vol1/fastq/SRR354/003/SRR35422903/SRR35422903_1.fastq.gz	https://ftp.sra.ebi.ac.uk/vol1/fastq/SRR354/003/SRR35422903/SRR35422903_2.fastq.gz	2695851114	2764265680	dca4aa12cba55f7416ff965c7c81195f	abd95b223f33cab40bfe47d55dd5904d	NCBI BioSample breed=Midori, Viral strain=France, Replication=2, tissue=soft tissues, dev_stage=spat
CGIG_OSHV1_RNASEQ_PRJNA1329250	oshv1_uvar	MidoriFrance3	Midori	France	SRR35422902	SRX30502199		paired	151	36148765	10916927030	https://ftp.sra.ebi.ac.uk/vol1/fastq/SRR354/002/SRR35422902/SRR35422902_1.fastq.gz	https://ftp.sra.ebi.ac.uk/vol1/fastq/SRR354/002/SRR35422902/SRR35422902_2.fastq.gz	2501030516	2595406010	1866e3f13a185dabdbbbe55af9b17e7f	0e1e3a65ab7afc43260ce1377c33a18a	NCBI BioSample breed=Midori, Viral strain=France, Replication=3, tissue=soft tissues, dev_stage=spat
CGIG_OSHV1_RNASEQ_PRJNA1329250	oshv1_uvar	MidoriFrance4	Midori	France	SRR35422901	SRX30502200		paired	151	44825682	13537355964	https://ftp.sra.ebi.ac.uk/vol1/fastq/SRR354/001/SRR35422901/SRR35422901_1.fastq.gz	https://ftp.sra.ebi.ac.uk/vol1/fastq/SRR354/001/SRR35422901/SRR35422901_2.fastq.gz	3201132851	3297818347	00df8ff92afbdc34d25b714465d593a3	df71695bb8c04829e048cbd6c2fdcf82	NCBI BioSample breed=Midori, Viral strain=France, Replication=4, tissue=soft tissues, dev_stage=spat
CGIG_OSHV1_RNASEQ_PRJNA1329250	oshv1_uvar	MidoriFrance5	Midori	France	SRR35422900	SRX30502201		paired	151	39477453	11922190806	https://ftp.sra.ebi.ac.uk/vol1/fastq/SRR354/000/SRR35422900/SRR35422900_1.fastq.gz	https://ftp.sra.ebi.ac.uk/vol1/fastq/SRR354/000/SRR35422900/SRR35422900_2.fastq.gz	2826189497	2916936103	9db335564df24f9923f790e298097868	db1a09155a3cf2ce72be3adaa78930aa	NCBI BioSample breed=Midori, Viral strain=France, Replication=5, tissue=soft tissues, dev_stage=spat
CGIG_OSHV1_RNASEQ_PRJNA1329250	oshv1_uvar	MidoriUSA1	Midori	USA	SRR35422899	SRX30502202		paired	151	35800902	10811872404	https://ftp.sra.ebi.ac.uk/vol1/fastq/SRR354/099/SRR35422899/SRR35422899_1.fastq.gz	https://ftp.sra.ebi.ac.uk/vol1/fastq/SRR354/099/SRR35422899/SRR35422899_2.fastq.gz	2568284599	2649009424	c3ce507f539ccab2534175c54ce123b3	f2a2fac4cc8d2c6652d7740866a61632	NCBI BioSample breed=Midori, Viral strain=USA, Replication=1, tissue=soft tissues, dev_stage=spat
CGIG_OSHV1_RNASEQ_PRJNA1329250	oshv1_uvar	MidoriUSA2	Midori	USA	SRR35422898	SRX30502203		paired	151	29239962	8830468524	https://ftp.sra.ebi.ac.uk/vol1/fastq/SRR354/098/SRR35422898/SRR35422898_1.fastq.gz	https://ftp.sra.ebi.ac.uk/vol1/fastq/SRR354/098/SRR35422898/SRR35422898_2.fastq.gz	2119317497	2332827487	347ef466bdc9d95e9ff3f772844fad8a	210e8939ef1df01b8a4ad24f76ab1db7	NCBI BioSample breed=Midori, Viral strain=USA, Replication=2, tissue=soft tissues, dev_stage=spat
CGIG_OSHV1_RNASEQ_PRJNA1329250	oshv1_uvar	MidoriUSA3	Midori	USA	SRR35422897	SRX30502204		paired	151	40556500	12248063000	https://ftp.sra.ebi.ac.uk/vol1/fastq/SRR354/097/SRR35422897/SRR35422897_1.fastq.gz	https://ftp.sra.ebi.ac.uk/vol1/fastq/SRR354/097/SRR35422897/SRR35422897_2.fastq.gz	2886688150	2991397295	8415b379cef3205655d94dcc30bc9614	43b7a7281396a78f8b7fe78215a72a17	NCBI BioSample breed=Midori, Viral strain=USA, Replication=3, tissue=soft tissues, dev_stage=spat
CGIG_OSHV1_RNASEQ_PRJNA1329250	oshv1_uvar	MidoriUSA4	Midori	USA	SRR35422896	SRX30502205		paired	151	38699265	11687178030	https://ftp.sra.ebi.ac.uk/vol1/fastq/SRR354/096/SRR35422896/SRR35422896_1.fastq.gz	https://ftp.sra.ebi.ac.uk/vol1/fastq/SRR354/096/SRR35422896/SRR35422896_2.fastq.gz	2781536939	2856533137	e4c62001535e2e27561573ef3963e4f7	85b13123c4bcf7d09ed07d1c51f7fbb7	NCBI BioSample breed=Midori, Viral strain=USA, Replication=4, tissue=soft tissues, dev_stage=spat
CGIG_OSHV1_RNASEQ_PRJNA1329250	oshv1_uvar	MidoriUSA5	Midori	USA	SRR35422894	SRX30502207		paired	151	42133197	12724225494	https://ftp.sra.ebi.ac.uk/vol1/fastq/SRR354/094/SRR35422894/SRR35422894_1.fastq.gz	https://ftp.sra.ebi.ac.uk/vol1/fastq/SRR354/094/SRR35422894/SRR35422894_2.fastq.gz	2982987093	3079802289	e0097d6fec16b312b80eb204bbeef26f	fae62e752ee8838ca0f5edf05a9c3218	NCBI BioSample breed=Midori, Viral strain=USA, Replication=5, tissue=soft tissues, dev_stage=spat
CGIG_OSHV1_RNASEQ_PRJNA1329250	oshv1_uvar	MiyagiAustralia1	Miyagi	Australia	SRR35422893	SRX30502208		paired	151	37878043	11439168986	https://ftp.sra.ebi.ac.uk/vol1/fastq/SRR354/093/SRR35422893/SRR35422893_1.fastq.gz	https://ftp.sra.ebi.ac.uk/vol1/fastq/SRR354/093/SRR35422893/SRR35422893_2.fastq.gz	2666072021	2761329680	bef1454f43f487741eed751a549b7692	ff1db49f1ef3547bb5fd03c29cb18912	NCBI BioSample breed=Myagi, Viral strain=Australia, Replication=1, tissue=soft tissues, dev_stage=spat
CGIG_OSHV1_RNASEQ_PRJNA1329250	oshv1_uvar	MiyagiAustralia2	Miyagi	Australia	SRR35422892	SRX30502209		paired	151	38438898	11608547196	https://ftp.sra.ebi.ac.uk/vol1/fastq/SRR354/092/SRR35422892/SRR35422892_1.fastq.gz	https://ftp.sra.ebi.ac.uk/vol1/fastq/SRR354/092/SRR35422892/SRR35422892_2.fastq.gz	2742431899	2855016969	6f6a7f46eb13bc18818075b7bc914477	b4f993d823019249aae678de3ee2dae9	NCBI BioSample breed=Myagi, Viral strain=Australia, Replication=2, tissue=soft tissues, dev_stage=spat
CGIG_OSHV1_RNASEQ_PRJNA1329250	oshv1_uvar	MiyagiAustralia3	Miyagi	Australia	SRR35422891	SRX30502210		paired	151	34325844	10366404888	https://ftp.sra.ebi.ac.uk/vol1/fastq/SRR354/091/SRR35422891/SRR35422891_1.fastq.gz	https://ftp.sra.ebi.ac.uk/vol1/fastq/SRR354/091/SRR35422891/SRR35422891_2.fastq.gz	2411825691	2530693726	bbee9846ed8181fb8ff021cfa9a88dcf	e94841debfbea8fe5cfa1cc0c61ed622	NCBI BioSample breed=Myagi, Viral strain=Australia, Replication=3, tissue=soft tissues, dev_stage=spat
CGIG_OSHV1_RNASEQ_PRJNA1329250	oshv1_uvar	MiyagiAustralia4	Miyagi	Australia	SRR35422890	SRX30502211		paired	151	35812512	10815378624	https://ftp.sra.ebi.ac.uk/vol1/fastq/SRR354/090/SRR35422890/SRR35422890_1.fastq.gz	https://ftp.sra.ebi.ac.uk/vol1/fastq/SRR354/090/SRR35422890/SRR35422890_2.fastq.gz	2554692201	2666649573	c1a97de48ea2f901912acf41a4644462	3c0fcc81a65128270641dcda87ec0104	NCBI BioSample breed=Myagi, Viral strain=Australia, Replication=4, tissue=soft tissues, dev_stage=spat
CGIG_OSHV1_RNASEQ_PRJNA1329250	oshv1_uvar	MiyagiAustralia5	Miyagi	Australia	SRR35422889	SRX30502212		paired	151	35025715	10577765930	https://ftp.sra.ebi.ac.uk/vol1/fastq/SRR354/089/SRR35422889/SRR35422889_1.fastq.gz	https://ftp.sra.ebi.ac.uk/vol1/fastq/SRR354/089/SRR35422889/SRR35422889_2.fastq.gz	2465576289	2550855438	6543158bee6a18ddd31cab4112517978	684f01007486f5c744f1677d4387bcb6	NCBI BioSample breed=Myagi, Viral strain=Australia, Replication=5, tissue=soft tissues, dev_stage=spat
CGIG_OSHV1_RNASEQ_PRJNA1329250	oshv1_uvar	MiyagiFrance1	Miyagi	France	SRR35422881	SRX30502220		paired	151	39553982	11945302564	https://ftp.sra.ebi.ac.uk/vol1/fastq/SRR354/081/SRR35422881/SRR35422881_1.fastq.gz	https://ftp.sra.ebi.ac.uk/vol1/fastq/SRR354/081/SRR35422881/SRR35422881_2.fastq.gz	2773180694	2948615660	19c2c20997753c440aa425cefc009be1	15ddc0585db66dfaa2bacd7062b6f439	NCBI BioSample breed=Myagi, Viral strain=France, Replication=1, tissue=soft tissues, dev_stage=spat
CGIG_OSHV1_RNASEQ_PRJNA1329250	oshv1_uvar	MiyagiFrance2	Miyagi	France	SRR35422880	SRX30502221		paired	151	39365013	11888233926	https://ftp.sra.ebi.ac.uk/vol1/fastq/SRR354/080/SRR35422880/SRR35422880_1.fastq.gz	https://ftp.sra.ebi.ac.uk/vol1/fastq/SRR354/080/SRR35422880/SRR35422880_2.fastq.gz	2728742475	2817704919	bc2f1d6a8d444b40b59bf2cc5ffdef51	17fdd2d05ff945d682676157785d9449	NCBI BioSample breed=Myagi, Viral strain=France, Replication=2, tissue=soft tissues, dev_stage=spat
CGIG_OSHV1_RNASEQ_PRJNA1329250	oshv1_uvar	MiyagiFrance3	Miyagi	France	SRR35422879	SRX30502222		paired	151	37004584	11175384368	https://ftp.sra.ebi.ac.uk/vol1/fastq/SRR354/079/SRR35422879/SRR35422879_1.fastq.gz	https://ftp.sra.ebi.ac.uk/vol1/fastq/SRR354/079/SRR35422879/SRR35422879_2.fastq.gz	2626248151	2730904201	9cb21fd3c959df4d7771005e35ff102b	172db01b4749542720a06f6938b53980	NCBI BioSample breed=Myagi, Viral strain=France, Replication=3, tissue=soft tissues, dev_stage=spat
CGIG_OSHV1_RNASEQ_PRJNA1329250	oshv1_uvar	MiyagiFrance4	Miyagi	France	SRR35422878	SRX30502223		paired	151	35275567	10653221234	https://ftp.sra.ebi.ac.uk/vol1/fastq/SRR354/078/SRR35422878/SRR35422878_1.fastq.gz	https://ftp.sra.ebi.ac.uk/vol1/fastq/SRR354/078/SRR35422878/SRR35422878_2.fastq.gz	2524193583	2592230853	8508ca5cf762b845535faaa1df75887c	8e713b770e7025a779ab064b1f1aded9	NCBI BioSample breed=Myagi, Viral strain=France, Replication=4, tissue=soft tissues, dev_stage=spat
CGIG_OSHV1_RNASEQ_PRJNA1329250	oshv1_uvar	MiyagiFrance5	Miyagi	France	SRR35422877	SRX30502224		paired	151	40298716	12170212232	https://ftp.sra.ebi.ac.uk/vol1/fastq/SRR354/077/SRR35422877/SRR35422877_1.fastq.gz	https://ftp.sra.ebi.ac.uk/vol1/fastq/SRR354/077/SRR35422877/SRR35422877_2.fastq.gz	2872411158	3005325933	1cb7cb976186b7897a3757d74ad52771	1030ea27018ad90aab17bb90d54dad48	NCBI BioSample breed=Myagi, Viral strain=France, Replication=5, tissue=soft tissues, dev_stage=spat
CGIG_OSHV1_RNASEQ_PRJNA1329250	oshv1_uvar	MiyagiUSA1	Miyagi	USA	SRR35422876	SRX30502225		paired	151	39039658	11789976716	https://ftp.sra.ebi.ac.uk/vol1/fastq/SRR354/076/SRR35422876/SRR35422876_1.fastq.gz	https://ftp.sra.ebi.ac.uk/vol1/fastq/SRR354/076/SRR35422876/SRR35422876_2.fastq.gz	2768461257	2848416178	5da27efba8ce6517983a2011c64e55f3	9b2ad0b07116fcbabded74953085947d	NCBI BioSample breed=Myagi, Viral strain=USA, Replication=1, tissue=soft tissues, dev_stage=spat
CGIG_OSHV1_RNASEQ_PRJNA1329250	oshv1_uvar	MiyagiUSA2	Miyagi	USA	SRR35422875	SRX30502226		paired	151	39139798	11820218996	https://ftp.sra.ebi.ac.uk/vol1/fastq/SRR354/075/SRR35422875/SRR35422875_1.fastq.gz	https://ftp.sra.ebi.ac.uk/vol1/fastq/SRR354/075/SRR35422875/SRR35422875_2.fastq.gz	2775433826	2873078996	d0b96d39d8e68043269148e7825d4da2	0d31cad81c3163e2e0b968aa2bee8ecd	NCBI BioSample breed=Myagi, Viral strain=USA, Replication=2, tissue=soft tissues, dev_stage=spat
CGIG_OSHV1_RNASEQ_PRJNA1329250	oshv1_uvar	MiyagiUSA3	Miyagi	USA	SRR35422874	SRX30502227		paired	151	36234710	10942882420	https://ftp.sra.ebi.ac.uk/vol1/fastq/SRR354/074/SRR35422874/SRR35422874_1.fastq.gz	https://ftp.sra.ebi.ac.uk/vol1/fastq/SRR354/074/SRR35422874/SRR35422874_2.fastq.gz	2607203969	2660310590	7722a6f80f538f71f0eb69a8f7b3ad74	db29239b6dcbe35e7ebcc69a431ef3fd	NCBI BioSample breed=Myagi, Viral strain=USA, Replication=3, tissue=soft tissues, dev_stage=spat
CGIG_OSHV1_RNASEQ_PRJNA1329250	oshv1_uvar	MiyagiUSA4	Miyagi	USA	SRR35422872	SRX30502229		paired	151	38899887	11747765874	https://ftp.sra.ebi.ac.uk/vol1/fastq/SRR354/072/SRR35422872/SRR35422872_1.fastq.gz	https://ftp.sra.ebi.ac.uk/vol1/fastq/SRR354/072/SRR35422872/SRR35422872_2.fastq.gz	2762213552	2876229437	157358896abfc3f84f9002fdbd8d902b	959ed1fedb1d0883b357a883163a5054	NCBI BioSample breed=Myagi, Viral strain=USA, Replication=4, tissue=soft tissues, dev_stage=spat
CGIG_OSHV1_RNASEQ_PRJNA1329250	oshv1_uvar	MiyagiUSA5	Miyagi	USA	SRR35422871	SRX30502230		paired	151	45891346	13859186492	https://ftp.sra.ebi.ac.uk/vol1/fastq/SRR354/071/SRR35422871/SRR35422871_1.fastq.gz	https://ftp.sra.ebi.ac.uk/vol1/fastq/SRR354/071/SRR35422871/SRR35422871_2.fastq.gz	3232546834	3346959146	03d81e19e7b1aca75ae9e375bbf0eb6f	b68f764bce7a9153f81c4bcca3631316	NCBI BioSample breed=Myagi, Viral strain=USA, Replication=5, tissue=soft tissues, dev_stage=spat
