study_id	condition	replicate	timepoint	run_accession	experiment_accession	library_name	layout	read_length_bp	read_count	base_count	fastq_1	fastq_2	fastq_1_bytes	fastq_2_bytes	fastq_1_md5	fastq_2_md5	assignment_evidence
CGIG_SALINITY_RNASEQ_PRJNA756710	control	h12_1	h12	SRR15559855	SRX11857976	C23-1	paired	150	20933417	6280025100	https://ftp.sra.ebi.ac.uk/vol1/fastq/SRR155/055/SRR15559855/SRR15559855_1.fastq.gz	https://ftp.sra.ebi.ac.uk/vol1/fastq/SRR155/055/SRR15559855/SRR15559855_2.fastq.gz	1376744679	1434675903	c1e6c9d8aa6b33d888513603b4aebf41	470a71ac8c7b768428b39a2da8c1cfae	NCBI BioSample SAMN20924679 title=post-infection 12h, biological replicate-1, gill, infected by Vibrio alginolyticus at normal salinity; sample_name=C23-1
CGIG_SALINITY_RNASEQ_PRJNA756710	control	h12_2	h12	SRR15559853	SRX11857978	C23-2	paired	150	22674364	6802309200	https://ftp.sra.ebi.ac.uk/vol1/fastq/SRR155/053/SRR15559853/SRR15559853_1.fastq.gz	https://ftp.sra.ebi.ac.uk/vol1/fastq/SRR155/053/SRR15559853/SRR15559853_2.fastq.gz	1491017744	1590209285	b6888481eb8861a35180cbcc6808d0f3	17501698b0a1bfa12a1477f55ced2924	NCBI BioSample SAMN20924681 title=post-infection 12h, biological replicate-2, gill, infected by Vibrio alginolyticus at normal salinity; sample_name=C23-2
CGIG_SALINITY_RNASEQ_PRJNA756710	control	h12_3	h12	SRR15559852	SRX11857979	C23-3	paired	150	21274294	6382288200	https://ftp.sra.ebi.ac.uk/vol1/fastq/SRR155/052/SRR15559852/SRR15559852_1.fastq.gz	https://ftp.sra.ebi.ac.uk/vol1/fastq/SRR155/052/SRR15559852/SRR15559852_2.fastq.gz	1401006129	1440946079	220de847b957aa6d5fb04132a8e1bc25	46876c41bc240bea415e1c6acfb4421b	NCBI BioSample SAMN20924682 title=post-infection 12h, biological replicate-3, gill, infected by Vibrio alginolyticus at normal salinity; sample_name=C23-3
CGIG_SALINITY_RNASEQ_PRJNA756710	control	h48_1	h48	SRR15559850	SRX11857981	C23-4	paired	150	21100123	6330036900	https://ftp.sra.ebi.ac.uk/vol1/fastq/SRR155/050/SRR15559850/SRR15559850_1.fastq.gz	https://ftp.sra.ebi.ac.uk/vol1/fastq/SRR155/050/SRR15559850/SRR15559850_2.fastq.gz	1377165910	1425058721	bc4c69e7b9b91eac6f675c2755634afc	b8514d6fce43c9f11ab90efa6ea0f500	NCBI BioSample SAMN20924684 title=post-infection 48h, biological replicate-1, gill, infected by Vibrio alginolyticus at normal salinity; sample_name=C23-4
CGIG_SALINITY_RNASEQ_PRJNA756710	control	h48_2	h48	SRR15559846	SRX11857985	C23-5	paired	150	20528493	6158547900	https://ftp.sra.ebi.ac.uk/vol1/fastq/SRR155/046/SRR15559846/SRR15559846_1.fastq.gz	https://ftp.sra.ebi.ac.uk/vol1/fastq/SRR155/046/SRR15559846/SRR15559846_2.fastq.gz	1344066111	1396937942	39dd9c80dd896ac66f26f863ea232848	14a42615ca30f0a3e4e34b54bbef88e2	NCBI BioSample SAMN20924686 title=post-infection 48h, biological replicate-2, gill, infected by Vibrio alginolyticus at normal salinity; sample_name=C23-5
CGIG_SALINITY_RNASEQ_PRJNA756710	control	h48_3	h48	SRR15559857	SRX11857974	C23-6	paired	150	21658996	6497698800	https://ftp.sra.ebi.ac.uk/vol1/fastq/SRR155/057/SRR15559857/SRR15559857_1.fastq.gz	https://ftp.sra.ebi.ac.uk/vol1/fastq/SRR155/057/SRR15559857/SRR15559857_2.fastq.gz	1423052359	1479454347	685c5636aae4cdabbf3922cc08bb3891	6746fc80f3a80ece7db5494c31ee92b7	NCBI BioSample SAMN20924689 title=post-infection 48h, biological replicate-3, gill, infected by Vibrio alginolyticus at normal salinity; sample_name=C23-6
CGIG_SALINITY_RNASEQ_PRJNA756710	low_salinity	h12_1	h12	SRR15559856	SRX11857975	C10-1	paired	150	21865852	6559755600	https://ftp.sra.ebi.ac.uk/vol1/fastq/SRR155/056/SRR15559856/SRR15559856_1.fastq.gz	https://ftp.sra.ebi.ac.uk/vol1/fastq/SRR155/056/SRR15559856/SRR15559856_2.fastq.gz	1435566117	1477674558	062138659c7e6fbe490e1de80968d58e	0e419b80f8a888c61bfc602ee88e120f	NCBI BioSample SAMN20924678 title=post-infection 12h, biological replicate-1, gill, infected by Vibrio alginolyticus at low salinity; sample_name=C10-1
CGIG_SALINITY_RNASEQ_PRJNA756710	low_salinity	h12_2	h12	SRR15559854	SRX11857977	C10-2	paired	150	22360946	6708283800	https://ftp.sra.ebi.ac.uk/vol1/fastq/SRR155/054/SRR15559854/SRR15559854_1.fastq.gz	https://ftp.sra.ebi.ac.uk/vol1/fastq/SRR155/054/SRR15559854/SRR15559854_2.fastq.gz	1463100492	1500455028	9e513a18ff11a4b683eddd89e23bbba9	5e5bdf3d0ef53e7bbe2fa98ddc2a3529	NCBI BioSample SAMN20924680 title=post-infection 12h, biological replicate-2, gill, infected by Vibrio alginolyticus at low salinity; sample_name=C10-2
CGIG_SALINITY_RNASEQ_PRJNA756710	low_salinity	h12_3	h12	SRR15559851	SRX11857980	C10-3	paired	150	23275807	6982742100	https://ftp.sra.ebi.ac.uk/vol1/fastq/SRR155/051/SRR15559851/SRR15559851_1.fastq.gz	https://ftp.sra.ebi.ac.uk/vol1/fastq/SRR155/051/SRR15559851/SRR15559851_2.fastq.gz	1487866124	1531743650	4aec6532a851bc0a6455a169d0a4b2b6	090f62388e26c41f6bd6f96b5a060e94	NCBI BioSample SAMN20924683 title=post-infection 12h, biological replicate-3, gill, infected by Vibrio alginolyticus at low salinity; sample_name=C10-3
CGIG_SALINITY_RNASEQ_PRJNA756710	low_salinity	h48_1	h48	SRR15559849	SRX11857982	C10-4	paired	150	22947701	6884310300	https://ftp.sra.ebi.ac.uk/vol1/fastq/SRR155/049/SRR15559849/SRR15559849_1.fastq.gz	https://ftp.sra.ebi.ac.uk/vol1/fastq/SRR155/049/SRR15559849/SRR15559849_2.fastq.gz	1510716097	1553141371	1b9526c02aa2bfac3ffa8a29dbf0a7f5	395aa15b31f1e026543e9e4de39ce626	NCBI BioSample SAMN20924685 title=post-infection 48h, biological replicate-1, gill, infected by Vibrio alginolyticus at low salinity; sample_name=C10-4
CGIG_SALINITY_RNASEQ_PRJNA756710	low_salinity	h48_2	h48	SRR15559845	SRX11857986	C10-5	paired	150	20604322	6181296600	https://ftp.sra.ebi.ac.uk/vol1/fastq/SRR155/045/SRR15559845/SRR15559845_1.fastq.gz	https://ftp.sra.ebi.ac.uk/vol1/fastq/SRR155/045/SRR15559845/SRR15559845_2.fastq.gz	1358092995	1473054289	60d10a0cb84a6df64007e238b969ccab	c7735901d13f4d08cef31976a482a4d6	NCBI BioSample SAMN20924687 title=post-infection 48h, biological replicate-2, gill, infected by Vibrio alginolyticus at low salinity; sample_name=C10-5
CGIG_SALINITY_RNASEQ_PRJNA756710	low_salinity	h48_3	h48	SRR15559858	SRX11857973	C10-6	paired	150	20991559	6297467700	https://ftp.sra.ebi.ac.uk/vol1/fastq/SRR155/058/SRR15559858/SRR15559858_1.fastq.gz	https://ftp.sra.ebi.ac.uk/vol1/fastq/SRR155/058/SRR15559858/SRR15559858_2.fastq.gz	1386096879	1440887163	0e820ca1deb8d583f6157a5e135d1cae	81f4635c11b9506d2c1ea083008923fd	NCBI BioSample SAMN20924688 title=post-infection 48h, biological replicate-3, gill, infected by Vibrio alginolyticus at low salinity; sample_name=C10-6
