study_id	condition	replicate	timepoint	family	run_accession	experiment_accession	library_name	layout	read_length_bp	read_count	base_count	fastq_1	fastq_2	fastq_1_bytes	fastq_2_bytes	fastq_1_md5	fastq_2_md5	assignment_evidence
CGIG_HEAT_RNASEQ_PRJEB86646	control	F11N_1	h0	F11N	ERR14687865	ERX14089364	112b_S58	single	76	28916100	2197623600	https://ftp.sra.ebi.ac.uk/vol1/fastq/ERR146/065/ERR14687865/ERR14687865.fastq.gz		1352069197		728ad8d0f11d75aa070475eae7108e46		ENA PRJEB86525 sample ERS23777157 alias=sam_P_F11N_3_0_1_ctrl-rnaseq; title=Family F11N, exposed to 23C at 0 hours post-infection, Replicate 1
CGIG_HEAT_RNASEQ_PRJEB86646	control	F11N_2	h0	F11N	ERR14687866	ERX14089365	113_S3	single	76	22791480	1732152480	https://ftp.sra.ebi.ac.uk/vol1/fastq/ERR146/066/ERR14687866/ERR14687866.fastq.gz		1042426531		27b9daf3058cb4ad00cf6e247acd9555		ENA PRJEB86525 sample ERS23777158 alias=sam_P_F11N_3_0_2_ctrl-rnaseq; title=Family F11N, exposed to 23C at 0 hours post-infection, Replicate 2
CGIG_HEAT_RNASEQ_PRJEB86646	control	F11N_3	h0	F11N	ERR14687867	ERX14089366	114_S12	single	76	25475714	1936154264	https://ftp.sra.ebi.ac.uk/vol1/fastq/ERR146/067/ERR14687867/ERR14687867.fastq.gz		1167305042		1a3ad5bd08ea9edf51e8d147ab2fa94f		ENA PRJEB86525 sample ERS23777159 alias=sam_P_F11N_3_0_3_ctrl-rnaseq; title=Family F11N, exposed to 23C at 0 hours post-infection, Replicate 3
CGIG_HEAT_RNASEQ_PRJEB86646	control	F14R_1	h0	F14R	ERR14687898	ERX14089397	7_S55	single	76	27523287	2091769812	https://ftp.sra.ebi.ac.uk/vol1/fastq/ERR146/098/ERR14687898/ERR14687898.fastq.gz		1269963461		1abe039389c601b026f7ab67f07d3551		ENA PRJEB86525 sample ERS23777190 alias=sam_P_F14R_3_0_1_ctrl-rnaseq; title=Family F14R, exposed to 23C at 0 hours post-infection, Replicate 1
CGIG_HEAT_RNASEQ_PRJEB86646	control	F14R_2	h0	F14R	ERR14687902	ERX14089401	8b_S23	single	76	28169408	2140875008	https://ftp.sra.ebi.ac.uk/vol1/fastq/ERR146/002/ERR14687902/ERR14687902.fastq.gz		1307414462		e7a01c14a9706c656e8f029507d022d6		ENA PRJEB86525 sample ERS23777194 alias=sam_P_F14R_3_0_2_ctrl-rnaseq; title=Family F14R, exposed to 23C at 0 hours post-infection, Replicate 2
CGIG_HEAT_RNASEQ_PRJEB86646	control	F14R_3	h0	F14R	ERR14687903	ERX14089402	9_S2	single	76	27193553	2066710028	https://ftp.sra.ebi.ac.uk/vol1/fastq/ERR146/003/ERR14687903/ERR14687903.fastq.gz		1255212193		1523278a8a4723f9f7d18822e2f714c4		ENA PRJEB86525 sample ERS23777195 alias=sam_P_F14R_3_0_3_ctrl-rnaseq; title=Family F14R, exposed to 23C at 0 hours post-infection, Replicate 3
CGIG_HEAT_RNASEQ_PRJEB86646	heat	F11N_1	h0	F11N	ERR14694122	ERX14095550	115_S22	single	76	28267252	2148311152	https://ftp.sra.ebi.ac.uk/vol1/fastq/ERR146/022/ERR14694122/ERR14694122.fastq.gz		1282139386		8c7d4752e4131d59eeddfee05196471f		ENA PRJEB86646 sample ERS23779021 alias=sam_P_F11N_4_0_1_temp-rnaseq; title=Family F11N exposed to 30C at 0 hours post-infection, Replicate 1
CGIG_HEAT_RNASEQ_PRJEB86646	heat	F11N_2	h0	F11N	ERR14694123	ERX14095551	116_S31	single	76	25314911	1923933236	https://ftp.sra.ebi.ac.uk/vol1/fastq/ERR146/023/ERR14694123/ERR14694123.fastq.gz		1155379914		b21b5800fb8c7b449d011f36a30493cc		ENA PRJEB86646 sample ERS23779022 alias=sam_P_F11N_4_0_2_temp-rnaseq; title=Family F11N exposed to 30C at 0 hours post-infection, Replicate 2
CGIG_HEAT_RNASEQ_PRJEB86646	heat	F11N_3	h0	F11N	ERR14694124	ERX14095552	117_S40	single	76	28175222	2141316872	https://ftp.sra.ebi.ac.uk/vol1/fastq/ERR146/024/ERR14694124/ERR14694124.fastq.gz		1284728215		398a59df53906df348ef150f7a5a5553		ENA PRJEB86646 sample ERS23779023 alias=sam_P_F11N_4_0_3_temp-rnaseq; title=Family F11N exposed to 30C at 0 hours post-infection, Replicate 3
CGIG_HEAT_RNASEQ_PRJEB86646	heat	F14R_1	h0	F14R	ERR14694101	ERX14095529	10_S12	single	76	28772391	2186701716	https://ftp.sra.ebi.ac.uk/vol1/fastq/ERR146/001/ERR14694101/ERR14694101.fastq.gz		1318616044		489debef1d290f16f1a0443379258455		ENA PRJEB86646 sample ERS23779000 alias=sam_P_F14R_4_0_1_temp-rnaseq; title=Family F14R exposed to 30C at 0 hours post-infection, Replicate 1
CGIG_HEAT_RNASEQ_PRJEB86646	heat	F14R_2	h0	F14R	ERR14694102	ERX14095530	11_S21	single	76	24799497	1884761772	https://ftp.sra.ebi.ac.uk/vol1/fastq/ERR146/002/ERR14694102/ERR14694102.fastq.gz		1137317962		8d41f1e3271de0d3077b434a47de5f8e		ENA PRJEB86646 sample ERS23779001 alias=sam_P_F14R_4_0_2_temp-rnaseq; title=Family F14R exposed to 30C at 0 hours post-infection, Replicate 2
CGIG_HEAT_RNASEQ_PRJEB86646	heat	F14R_3	h0	F14R	ERR14694103	ERX14095531	12_S30	single	76	25930134	1970690184	https://ftp.sra.ebi.ac.uk/vol1/fastq/ERR146/003/ERR14694103/ERR14694103.fastq.gz		1192817762		fe4955b61c09f300d40ea176620d3e21		ENA PRJEB86646 sample ERS23779002 alias=sam_P_F14R_4_0_3_temp-rnaseq; title=Family F14R exposed to 30C at 0 hours post-infection, Replicate 3
