study_id	condition	replicate	timepoint	sequencing_pool	lane	run_accession	experiment_accession	library_name	layout	read_length_bp	read_count	base_count	fastq_1	fastq_2	fastq_1_bytes	fastq_2_bytes	fastq_1_md5	fastq_2_md5	assignment_evidence
CGIG_HAB_RNASEQ_PRJEB18614	control	d1_zt04	d1_zt04	L001-L002	L001	ERR1758954	ERX1825488	1H_ATCACG_L001	paired	100	31240302	6248060400	https://ftp.sra.ebi.ac.uk/vol1/fastq/ERR175/004/ERR1758954/ERR1758954_1.fastq.gz	https://ftp.sra.ebi.ac.uk/vol1/fastq/ERR175/004/ERR1758954/ERR1758954_2.fastq.gz	2655044685	2538214147	37c477a070b555f516508cc7d223160f	555f6808a03b09cd8b7b047f3d4bde04	ArrayExpress E-MTAB-5345 SDRF Sample 1 (ERS1473704): feeding condition=Heterocapsa triquetra, time=Day 1 ZT 4.5, assay=1H_ATCACG_L001; other lane ERR1758955 not used
CGIG_HAB_RNASEQ_PRJEB18614	control	d1_zt08	d1_zt08	L001-L002	L001	ERR1758960	ERX1825491	2H_TTAGGC_L001	paired	100	33452383	6690476600	https://ftp.sra.ebi.ac.uk/vol1/fastq/ERR175/000/ERR1758960/ERR1758960_1.fastq.gz	https://ftp.sra.ebi.ac.uk/vol1/fastq/ERR175/000/ERR1758960/ERR1758960_2.fastq.gz	2847668869	2732539763	c837524314bd3c1e8a80e3b6c0a0de73	49ef768c41e25d42b959ed95356cd606	ArrayExpress E-MTAB-5345 SDRF Sample 2 (ERS1473707): feeding condition=Heterocapsa triquetra, time=Day 1 ZT 8.5, assay=2H_TTAGGC_L001; other lane ERR1758961 not used
CGIG_HAB_RNASEQ_PRJEB18614	control	d1_zt12	d1_zt12	L001-L002	L001	ERR1758944	ERX1825483	3H_TGACCA_L001	paired	100	32420669	6484133800	https://ftp.sra.ebi.ac.uk/vol1/fastq/ERR175/004/ERR1758944/ERR1758944_1.fastq.gz	https://ftp.sra.ebi.ac.uk/vol1/fastq/ERR175/004/ERR1758944/ERR1758944_2.fastq.gz	2642286294	2753484893	f5bbb286296bc9de0cecc2006cc6f7bc	5ef8d2ef038323c7ad2df90ad3d6c091	ArrayExpress E-MTAB-5345 SDRF Sample 3 (ERS1473699): feeding condition=Heterocapsa triquetra, time=Day 1 ZT 12.5, assay=3H_TGACCA_L001; other lane ERR1758945 not used
CGIG_HAB_RNASEQ_PRJEB18614	control	d1_zt16	d1_zt16	L001-L002	L001	ERR1758948	ERX1825485	4H_ACAGTG_L001	paired	100	34141980	6828396000	https://ftp.sra.ebi.ac.uk/vol1/fastq/ERR175/008/ERR1758948/ERR1758948_1.fastq.gz	https://ftp.sra.ebi.ac.uk/vol1/fastq/ERR175/008/ERR1758948/ERR1758948_2.fastq.gz	2891784769	2775200929	8ba69d73b8c5d557e17fe41e24e16cd8	a2d957e396ba2de0fdc3224d80c4118f	ArrayExpress E-MTAB-5345 SDRF Sample 4 (ERS1473701): feeding condition=Heterocapsa triquetra, time=Day 1 ZT 16.5, assay=4H_ACAGTG_L001; other lane ERR1758949 not used
CGIG_HAB_RNASEQ_PRJEB18614	control	d1_zt20	d1_zt20	L005-L006	L005	ERR1758952	ERX1825487	5H_CTTGTA_L005	paired	100	29493129	5898625800	https://ftp.sra.ebi.ac.uk/vol1/fastq/ERR175/002/ERR1758952/ERR1758952_1.fastq.gz	https://ftp.sra.ebi.ac.uk/vol1/fastq/ERR175/002/ERR1758952/ERR1758952_2.fastq.gz	2514030416	2424622708	6d5496559aa9d6567ac92a51bdade4b3	0350855fda7e343bc644d53ae2ef542b	ArrayExpress E-MTAB-5345 SDRF Sample 5 (ERS1473703): feeding condition=Heterocapsa triquetra, time=Day 1 ZT 20.5, assay=5H_CTTGTA_L005; other lane ERR1758953 not used
CGIG_HAB_RNASEQ_PRJEB18614	control	d2_zt00	d2_zt00	L005-L006	L005	ERR1758964	ERX1825493	6H_GTCCGC_L005	paired	100	29409020	5881804000	https://ftp.sra.ebi.ac.uk/vol1/fastq/ERR175/004/ERR1758964/ERR1758964_1.fastq.gz	https://ftp.sra.ebi.ac.uk/vol1/fastq/ERR175/004/ERR1758964/ERR1758964_2.fastq.gz	2527299670	2429297351	4d3cf8f5a535ec6c09428686d5751d6f	e01350c457c8cfc305080de1a1c30105	ArrayExpress E-MTAB-5345 SDRF Sample 6 (ERS1473709): feeding condition=Heterocapsa triquetra, time=Day 2 ZT 0.5, assay=6H_GTCCGC_L005; other lane ERR1758965 not used
CGIG_HAB_RNASEQ_PRJEB18614	control	d2_zt04	d2_zt04	L005-L006	L005	ERR1758981	ERX1825501	7H_GTGGCC_L005	paired	100	34586737	6917347400	https://ftp.sra.ebi.ac.uk/vol1/fastq/ERR175/001/ERR1758981/ERR1758981_1.fastq.gz	https://ftp.sra.ebi.ac.uk/vol1/fastq/ERR175/001/ERR1758981/ERR1758981_2.fastq.gz	2968988329	2862498475	8db4c7b3a7c9d2a621c3428e073ab921	42f168d2b7f6a35968c6e58123964181	ArrayExpress E-MTAB-5345 SDRF Sample 7 (ERS1473717): feeding condition=Heterocapsa triquetra, time=Day 2 ZT 4.5, assay=7H_GTGGCC_L005; other lane ERR1758980 not used
CGIG_HAB_RNASEQ_PRJEB18614	control	d2_zt08	d2_zt08	L005-L006	L005	ERR1758984	ERX1825503	8H_GAGTGG_L005	paired	100	31283316	6256663200	https://ftp.sra.ebi.ac.uk/vol1/fastq/ERR175/004/ERR1758984/ERR1758984_1.fastq.gz	https://ftp.sra.ebi.ac.uk/vol1/fastq/ERR175/004/ERR1758984/ERR1758984_2.fastq.gz	2646788063	2533147358	756b5ae426647a77d2bcc0132c95f28b	95164a75d4b290276cb2ff8c435cfda3	ArrayExpress E-MTAB-5345 SDRF Sample 8 (ERS1473719): feeding condition=Heterocapsa triquetra, time=Day 2 ZT 8.5, assay=8H_GAGTGG_L005; other lane ERR1758985 not used
CGIG_HAB_RNASEQ_PRJEB18614	control	d2_zt12	d2_zt12	L005-L006	L005	ERR1758968	ERX1825495	9H_ACTGAT_L005	paired	100	31028684	6205736800	https://ftp.sra.ebi.ac.uk/vol1/fastq/ERR175/008/ERR1758968/ERR1758968_1.fastq.gz	https://ftp.sra.ebi.ac.uk/vol1/fastq/ERR175/008/ERR1758968/ERR1758968_2.fastq.gz	2639275272	2536352917	776866dce31906fec982e2b1cad0fea9	eeb96c763fd49e72c94c23e408f3c81f	ArrayExpress E-MTAB-5345 SDRF Sample 9 (ERS1473711): feeding condition=Heterocapsa triquetra, time=Day 2 ZT 12.5, assay=9H_ACTGAT_L005; other lane ERR1758969 not used
CGIG_HAB_RNASEQ_PRJEB18614	control	d2_zt16	d2_zt16	L005-L006	L005	ERR1758970	ERX1825496	10H_CGATGT_L005	paired	100	23409198	4681839600	https://ftp.sra.ebi.ac.uk/vol1/fastq/ERR175/000/ERR1758970/ERR1758970_1.fastq.gz	https://ftp.sra.ebi.ac.uk/vol1/fastq/ERR175/000/ERR1758970/ERR1758970_2.fastq.gz	1991161339	1918738747	8b6d1b292fe8b0b56a7bb87912a6966c	e07f56b57f78d2ac1bd69330235746e1	ArrayExpress E-MTAB-5345 SDRF Sample 10 (ERS1473712): feeding condition=Heterocapsa triquetra, time=Day 2 ZT 16.5, assay=10H_CGATGT_L005; other lane ERR1758971 not used
CGIG_HAB_RNASEQ_PRJEB18614	control	d2_zt20	d2_zt20	L007-L008	L007	ERR1758974	ERX1825498	11H_TGACCA_L007	paired	100	36689534	7337906800	https://ftp.sra.ebi.ac.uk/vol1/fastq/ERR175/004/ERR1758974/ERR1758974_1.fastq.gz	https://ftp.sra.ebi.ac.uk/vol1/fastq/ERR175/004/ERR1758974/ERR1758974_2.fastq.gz	3124025754	3026626056	e754b992d327f7bca2991e5c06e93d29	3ba98706ad91c25054aad656e588ce50	ArrayExpress E-MTAB-5345 SDRF Sample 11 (ERS1473714): feeding condition=Heterocapsa triquetra, time=Day 2 ZT 20.5, assay=11H_TGACCA_L007; other lane ERR1758975 not used
CGIG_HAB_RNASEQ_PRJEB18614	control	d3_zt00	d3_zt00	L007-L008	L007	ERR1758986	ERX1825504	12H_CAGATC_L007	paired	100	27294388	5458877600	https://ftp.sra.ebi.ac.uk/vol1/fastq/ERR175/006/ERR1758986/ERR1758986_1.fastq.gz	https://ftp.sra.ebi.ac.uk/vol1/fastq/ERR175/006/ERR1758986/ERR1758986_2.fastq.gz	2325365278	2230738447	1a2c316def4511b641888570b84e33c5	50d2e4e61314955d2f77e7eb97db48b9	ArrayExpress E-MTAB-5345 SDRF Sample 12 (ERS1473720): feeding condition=Heterocapsa triquetra, time=Day 3 ZT 0.5, assay=12H_CAGATC_L007; other lane ERR1758987 not used
CGIG_HAB_RNASEQ_PRJEB18614	control	d3_zt04	d3_zt04	L007-L008	L007	ERR1758990	ERX1825506	13H_CTTGTA_L007	paired	100	25663769	5132753800	https://ftp.sra.ebi.ac.uk/vol1/fastq/ERR175/000/ERR1758990/ERR1758990_1.fastq.gz	https://ftp.sra.ebi.ac.uk/vol1/fastq/ERR175/000/ERR1758990/ERR1758990_2.fastq.gz	2191252414	2119303716	e54b24d27a5e58e154c26cfbb097acd6	81a3df2cf7b5d21885e9cee68601aa5b	ArrayExpress E-MTAB-5345 SDRF Sample 13 (ERS1473722): feeding condition=Heterocapsa triquetra, time=Day 3 ZT 4.5, assay=13H_CTTGTA_L007; other lane ERR1758991 not used
CGIG_HAB_RNASEQ_PRJEB18614	alexandrium	d1_zt04	d1_zt04	L003-L004	L003	ERR1758956	ERX1825489	1A_ATCACG_L003	paired	100	43916668	8783333600	https://ftp.sra.ebi.ac.uk/vol1/fastq/ERR175/006/ERR1758956/ERR1758956_1.fastq.gz	https://ftp.sra.ebi.ac.uk/vol1/fastq/ERR175/006/ERR1758956/ERR1758956_2.fastq.gz	3735789419	3591815965	9c48e370e6bb6fa3d5961c494e1e247f	133e1e75fa5954bbbec500351c98aa07	ArrayExpress E-MTAB-5345 SDRF Sample 14 (ERS1473705): feeding condition=Alexandrium minutum, time=Day 1 ZT 4.5, assay=1A_ATCACG_L003; other lane ERR1758957 not used
CGIG_HAB_RNASEQ_PRJEB18614	alexandrium	d1_zt08	d1_zt08	L003-L004	L003	ERR1758958	ERX1825490	2A_TGACCA_L003	paired	100	30749516	6149903200	https://ftp.sra.ebi.ac.uk/vol1/fastq/ERR175/008/ERR1758958/ERR1758958_1.fastq.gz	https://ftp.sra.ebi.ac.uk/vol1/fastq/ERR175/008/ERR1758958/ERR1758958_2.fastq.gz	2612481310	2515000873	d0fbe85b299979802317cd5a0666f354	9cdad8870264cfeb84c80036129e07cc	ArrayExpress E-MTAB-5345 SDRF Sample 15 (ERS1473706): feeding condition=Alexandrium minutum, time=Day 1 ZT 8.5, assay=2A_TGACCA_L003; other lane ERR1758959 not used
CGIG_HAB_RNASEQ_PRJEB18614	alexandrium	d1_zt12	d1_zt12	L003-L004	L003	ERR1758942	ERX1825482	3A_ACAGTG_L003	paired	100	30345012	6069002400	https://ftp.sra.ebi.ac.uk/vol1/fastq/ERR175/002/ERR1758942/ERR1758942_1.fastq.gz	https://ftp.sra.ebi.ac.uk/vol1/fastq/ERR175/002/ERR1758942/ERR1758942_2.fastq.gz	2575350671	2475330601	c0eae75f79fae7c79aae8634369fbf84	61ea8b53d4bf66d680e7978e9152681b	ArrayExpress E-MTAB-5345 SDRF Sample 16 (ERS1473698): feeding condition=Alexandrium minutum, time=Day 1 ZT 12.5, assay=3A_ACAGTG_L003; other lane ERR1758943 not used
CGIG_HAB_RNASEQ_PRJEB18614	alexandrium	d1_zt16	d1_zt16	L005-L006	L005	ERR1758946	ERX1825484	4A_CAGATC_L005	paired	100	25558853	5111770600	https://ftp.sra.ebi.ac.uk/vol1/fastq/ERR175/006/ERR1758946/ERR1758946_1.fastq.gz	https://ftp.sra.ebi.ac.uk/vol1/fastq/ERR175/006/ERR1758946/ERR1758946_2.fastq.gz	2180161067	2023321705	19c8a19a13ceea256590db445569bc7f	81d2b6c8d338066846bdcb1dc59b08d8	ArrayExpress E-MTAB-5345 SDRF Sample 17 (ERS1473700): feeding condition=Alexandrium minutum, time=Day 1 ZT 16.5, assay=4A_CAGATC_L005; other lane ERR1758947 not used
CGIG_HAB_RNASEQ_PRJEB18614	alexandrium	d1_zt20	d1_zt20	L001-L002	L001	ERR1758950	ERX1825486	5A_GCCAAT_L001	paired	100	35300496	7060099200	https://ftp.sra.ebi.ac.uk/vol1/fastq/ERR175/000/ERR1758950/ERR1758950_1.fastq.gz	https://ftp.sra.ebi.ac.uk/vol1/fastq/ERR175/000/ERR1758950/ERR1758950_2.fastq.gz	3000793637	2871474407	1bbcdf14a764daec9209733c77bf9768	b9b39eb521d8c0617a61bc1baa75c0d2	ArrayExpress E-MTAB-5345 SDRF Sample 18 (ERS1473702): feeding condition=Alexandrium minutum, time=Day 1 ZT 20.5, assay=5A_GCCAAT_L001; other lane ERR1758951 not used
CGIG_HAB_RNASEQ_PRJEB18614	alexandrium	d2_zt00	d2_zt00	L001-L002	L001	ERR1758962	ERX1825492	6A_CAGATC_L001	paired	100	35422253	7084450600	https://ftp.sra.ebi.ac.uk/vol1/fastq/ERR175/002/ERR1758962/ERR1758962_1.fastq.gz	https://ftp.sra.ebi.ac.uk/vol1/fastq/ERR175/002/ERR1758962/ERR1758962_2.fastq.gz	3005847749	2889562196	f1f3716e1a666a39df41aa2e7be8a169	90e0f06f62d96da00d2ee06dcbfc13a7	ArrayExpress E-MTAB-5345 SDRF Sample 19 (ERS1473708): feeding condition=Alexandrium minutum, time=Day 2 ZT 0.5, assay=6A_CAGATC_L001; other lane ERR1758963 not used
CGIG_HAB_RNASEQ_PRJEB18614	alexandrium	d2_zt04	d2_zt04	L003-L004	L003	ERR1758978	ERX1825500	7A_TAGCTT_L003	paired	100	31333534	6266706800	https://ftp.sra.ebi.ac.uk/vol1/fastq/ERR175/008/ERR1758978/ERR1758978_1.fastq.gz	https://ftp.sra.ebi.ac.uk/vol1/fastq/ERR175/008/ERR1758978/ERR1758978_2.fastq.gz	2661689494	2561911339	cba91990dcfc214b12abb641ef441df1	9fcb94690cce8185284c393093eb68aa	ArrayExpress E-MTAB-5345 SDRF Sample 20 (ERS1473716): feeding condition=Alexandrium minutum, time=Day 2 ZT 4.5, assay=7A_TAGCTT_L003; other lane ERR1758979 not used
CGIG_HAB_RNASEQ_PRJEB18614	alexandrium	d2_zt08	d2_zt08	L003-L004	L003	ERR1758982	ERX1825502	8A_ATGTCA_L003	paired	100	33155799	6631159800	https://ftp.sra.ebi.ac.uk/vol1/fastq/ERR175/002/ERR1758982/ERR1758982_1.fastq.gz	https://ftp.sra.ebi.ac.uk/vol1/fastq/ERR175/002/ERR1758982/ERR1758982_2.fastq.gz	2785758347	2670618731	7082e5edb163da0d5b93e09182732c14	2ab0919143bc88a697919477eb2b888f	ArrayExpress E-MTAB-5345 SDRF Sample 21 (ERS1473718): feeding condition=Alexandrium minutum, time=Day 2 ZT 8.5, assay=8A_ATGTCA_L003; other lane ERR1758983 not used
CGIG_HAB_RNASEQ_PRJEB18614	alexandrium	d2_zt12	d2_zt12	L003-L004	L003	ERR1758966	ERX1825494	9A_GTTTCG_L003	paired	100	31851724	6370344800	https://ftp.sra.ebi.ac.uk/vol1/fastq/ERR175/006/ERR1758966/ERR1758966_1.fastq.gz	https://ftp.sra.ebi.ac.uk/vol1/fastq/ERR175/006/ERR1758966/ERR1758966_2.fastq.gz	2717581541	2622265381	30f95d058149cde0db83871a75142d8c	cdfefcd77e384cb4de08fe1f20d955a2	ArrayExpress E-MTAB-5345 SDRF Sample 22 (ERS1473710): feeding condition=Alexandrium minutum, time=Day 2 ZT 12.5, assay=9A_GTTTCG_L003; other lane ERR1758967 not used
CGIG_HAB_RNASEQ_PRJEB18614	alexandrium	d2_zt16	d2_zt16	L007-L008	L007	ERR1758972	ERX1825497	10A_TTAGGC_L007	paired	100	30282250	6056450000	https://ftp.sra.ebi.ac.uk/vol1/fastq/ERR175/002/ERR1758972/ERR1758972_1.fastq.gz	https://ftp.sra.ebi.ac.uk/vol1/fastq/ERR175/002/ERR1758972/ERR1758972_2.fastq.gz	2586097279	2500466113	e50477d1b12ffb0d389d685314088f0e	edd9a93c932606f4edbd8bf34e67ab74	ArrayExpress E-MTAB-5345 SDRF Sample 23 (ERS1473713): feeding condition=Alexandrium minutum, time=Day 2 ZT 16.5, assay=10A_TTAGGC_L007; other lane ERR1758973 not used
CGIG_HAB_RNASEQ_PRJEB18614	alexandrium	d2_zt20	d2_zt20	L007-L008	L007	ERR1758976	ERX1825499	11A_GCCAAT_L007	paired	100	33187997	6637599400	https://ftp.sra.ebi.ac.uk/vol1/fastq/ERR175/006/ERR1758976/ERR1758976_1.fastq.gz	https://ftp.sra.ebi.ac.uk/vol1/fastq/ERR175/006/ERR1758976/ERR1758976_2.fastq.gz	2833815485	2752842824	a02ae2b4385cfd5459227929d79ac4af	bc7c47c75bd3e74689d96e24f3b694eb	ArrayExpress E-MTAB-5345 SDRF Sample 24 (ERS1473715): feeding condition=Alexandrium minutum, time=Day 2 ZT 20.5, assay=11A_GCCAAT_L007; other lane ERR1758977 not used
CGIG_HAB_RNASEQ_PRJEB18614	alexandrium	d3_zt00	d3_zt00	L007-L008	L007	ERR1758988	ERX1825505	12A_GATCAG_L007	paired	100	30911964	6182392800	https://ftp.sra.ebi.ac.uk/vol1/fastq/ERR175/008/ERR1758988/ERR1758988_1.fastq.gz	https://ftp.sra.ebi.ac.uk/vol1/fastq/ERR175/008/ERR1758988/ERR1758988_2.fastq.gz	2645965515	2570030338	4a6528d0cd78d536241fc4d622d536ba	c2c7ba86917fa27d7b9b759f00c4d1e3	ArrayExpress E-MTAB-5345 SDRF Sample 25 (ERS1473721): feeding condition=Alexandrium minutum, time=Day 3 ZT 0.5, assay=12A_GATCAG_L007; other lane ERR1758989 not used
CGIG_HAB_RNASEQ_PRJEB18614	alexandrium	d3_zt04	d3_zt04	L007-L008	L007	ERR1758992	ERX1825507	13A_ACTGAT_L007	paired	100	27363885	5472777000	https://ftp.sra.ebi.ac.uk/vol1/fastq/ERR175/002/ERR1758992/ERR1758992_1.fastq.gz	https://ftp.sra.ebi.ac.uk/vol1/fastq/ERR175/002/ERR1758992/ERR1758992_2.fastq.gz	2326481979	2248456515	452097fa5df9ccc780dd43794cd9df89	b2250ab480f57f165420d34dc0222386	ArrayExpress E-MTAB-5345 SDRF Sample 26 (ERS1473723): feeding condition=Alexandrium minutum, time=Day 3 ZT 4.5, assay=13A_ACTGAT_L007; other lane ERR1758993 not used
