study_id	condition	replicate	experiment	run_accession	experiment_accession	library_name	layout	read_length_bp	read_count	base_count	fastq_1	fastq_2	fastq_1_bytes	fastq_2_bytes	fastq_1_md5	fastq_2_md5	assignment_evidence
CGIG_VIBRIO_RNASEQ_PRJNA515169	control	1	exp1	SRR8551093	SRX5352990	RNAseq_anesthesis_replicate1	paired	75	24198884	3629832600	https://ftp.sra.ebi.ac.uk/vol1/fastq/SRR855/003/SRR8551093/SRR8551093_1.fastq.gz	https://ftp.sra.ebi.ac.uk/vol1/fastq/SRR855/003/SRR8551093/SRR8551093_2.fastq.gz	1006455564	1015243338	651b0aec0ab8abd9adda267c4fa99d01	bb35242c9a8f1602c59a90a9b1fdee03	ENA sample SAMN10762894 alias=RNAseq_anesthesis_replicate1 (anesthesis = mock injection with sterile seawater; replicate = independent infection experiment)
CGIG_VIBRIO_RNASEQ_PRJNA515169	control	2	exp2	SRR8551090	SRX5352993	RNAseq_anesthesis_replicate2	paired	75	24704775	3705716250	https://ftp.sra.ebi.ac.uk/vol1/fastq/SRR855/000/SRR8551090/SRR8551090_1.fastq.gz	https://ftp.sra.ebi.ac.uk/vol1/fastq/SRR855/000/SRR8551090/SRR8551090_2.fastq.gz	1031778260	1028317980	2f9bd93a3571f310dc2b26dd724d2926	e19b7b0c95a740740aadfca51aae059f	ENA sample SAMN10762895 alias=RNAseq_anesthesis_replicate2 (anesthesis = mock injection with sterile seawater; replicate = independent infection experiment)
CGIG_VIBRIO_RNASEQ_PRJNA515169	control	3	exp3	SRR8551091	SRX5352992	RNAseq_anesthesis_replicate3	paired	75	26719809	4007971350	https://ftp.sra.ebi.ac.uk/vol1/fastq/SRR855/001/SRR8551091/SRR8551091_1.fastq.gz	https://ftp.sra.ebi.ac.uk/vol1/fastq/SRR855/001/SRR8551091/SRR8551091_2.fastq.gz	1125867977	1096856718	5a81a35e919f8c4b1662c23ccd487a5b	dcf1803f1f1d77188c38107467a58c9b	ENA sample SAMN10762896 alias=RNAseq_anesthesis_replicate3 (anesthesis = mock injection with sterile seawater; replicate = independent infection experiment)
CGIG_VIBRIO_RNASEQ_PRJNA515169	vcrassostreae_J2_9	1	exp1	SRR8551079	SRX5353004	RNAseq_Vcrass_J2-9_replicate1	paired	75	25563835	3834575250	https://ftp.sra.ebi.ac.uk/vol1/fastq/SRR855/009/SRR8551079/SRR8551079_1.fastq.gz	https://ftp.sra.ebi.ac.uk/vol1/fastq/SRR855/009/SRR8551079/SRR8551079_2.fastq.gz	1066714571	1072119904	91ddc3a5e8ac7adb8024617e0a2aaa79	bcf4099a08969719c3aebbc05f315df7	ENA sample SAMN10762900 alias=RNAseq_Vcrass_J2-9_replicate1 (anesthesis = mock injection with sterile seawater; replicate = independent infection experiment)
CGIG_VIBRIO_RNASEQ_PRJNA515169	vcrassostreae_J2_9	2	exp2	SRR8551086	SRX5352997	RNAseq_Vcrass_J2-9_replicate2	paired	75	26866837	4030025550	https://ftp.sra.ebi.ac.uk/vol1/fastq/SRR855/006/SRR8551086/SRR8551086_1.fastq.gz	https://ftp.sra.ebi.ac.uk/vol1/fastq/SRR855/006/SRR8551086/SRR8551086_2.fastq.gz	1115522591	1127436053	2dd3caa68069331ae98fac65c708ed60	f8723fbf75f0e3ee15f7075c177f1866	ENA sample SAMN10762901 alias=RNAseq_Vcrass_J2-9_replicate2 (anesthesis = mock injection with sterile seawater; replicate = independent infection experiment)
CGIG_VIBRIO_RNASEQ_PRJNA515169	vcrassostreae_J2_9	3	exp3	SRR8551087	SRX5352996	RNAseq_Vcrass_J2-9_replicate3	paired	75	25833337	3875000550	https://ftp.sra.ebi.ac.uk/vol1/fastq/SRR855/007/SRR8551087/SRR8551087_1.fastq.gz	https://ftp.sra.ebi.ac.uk/vol1/fastq/SRR855/007/SRR8551087/SRR8551087_2.fastq.gz	1080734359	1088303654	52a23d3dcbea6aa8574166e3e8c1c235	086a7f1a624c0ffd14a9d3d96ca51b0f	ENA sample SAMN10762902 alias=RNAseq_Vcrass_J2-9_replicate3 (anesthesis = mock injection with sterile seawater; replicate = independent infection experiment)
CGIG_VIBRIO_RNASEQ_PRJNA515169	vtasmaniensis_LGP32	1	exp1	SRR8551083	SRX5353000	RNAseq_Vtasma_LGP32_replicate1	paired	75	21552035	3232805250	https://ftp.sra.ebi.ac.uk/vol1/fastq/SRR855/003/SRR8551083/SRR8551083_1.fastq.gz	https://ftp.sra.ebi.ac.uk/vol1/fastq/SRR855/003/SRR8551083/SRR8551083_2.fastq.gz	903752308	904003480	267e5459330765fef24fda43759994a6	13945455610b90d3a1846cd84d3fa818	ENA sample SAMN10762906 alias=RNAseq_Vtasma_LGP32_replicate1 (anesthesis = mock injection with sterile seawater; replicate = independent infection experiment)
CGIG_VIBRIO_RNASEQ_PRJNA515169	vtasmaniensis_LGP32	2	exp2	SRR8551080	SRX5353003	RNAseq_Vtasma_LGP32_replicate2	paired	75	24745421	3711813150	https://ftp.sra.ebi.ac.uk/vol1/fastq/SRR855/000/SRR8551080/SRR8551080_1.fastq.gz	https://ftp.sra.ebi.ac.uk/vol1/fastq/SRR855/000/SRR8551080/SRR8551080_2.fastq.gz	1044756446	1030695510	7b5313e6ff041a5067ca0b4ed551f54e	1177cbc2bf09a1931606a76ff3c38dc8	ENA sample SAMN10762907 alias=RNAseq_Vtasma_LGP32_replicate2 (anesthesis = mock injection with sterile seawater; replicate = independent infection experiment)
CGIG_VIBRIO_RNASEQ_PRJNA515169	vtasmaniensis_LGP32	3	exp3	SRR8551081	SRX5353002	RNAseq_Vtasma_LGP32_replicate3	paired	75	23691502	3553725300	https://ftp.sra.ebi.ac.uk/vol1/fastq/SRR855/001/SRR8551081/SRR8551081_1.fastq.gz	https://ftp.sra.ebi.ac.uk/vol1/fastq/SRR855/001/SRR8551081/SRR8551081_2.fastq.gz	998303294	991074846	6a959128524ad5fcdd0578ae8d8a0196	052d39e6ad72fe57bf1b43c92782d1f6	ENA sample SAMN10762908 alias=RNAseq_Vtasma_LGP32_replicate3 (anesthesis = mock injection with sterile seawater; replicate = independent infection experiment)
