study_id	condition	replicate	ploidy	run_accession	experiment_accession	library_name	layout	read_length_bp	read_count	base_count	fastq_1	fastq_2	fastq_1_bytes	fastq_2_bytes	fastq_1_md5	fastq_2_md5	assignment_evidence
CGIG_HEATWAVE_RNASEQ_PRJNA913164	control	D54	diploid	SRR22817847	SRX18777279	D54_S145	single	101	4634061	468040161	https://ftp.sra.ebi.ac.uk/vol1/fastq/SRR228/047/SRR22817847/SRR22817847.fastq.gz		205123799		caf2f29795feea038ca6de34f5c4c833		NCBI BioSample SAMN32287689 isolate=D54; submission attributes.tsv description='diploid, control' (github.com/mattgeorgephd/NOPP-gigas-ploidy-temp, 202107_EXP2/tag-seq/NCBI)
CGIG_HEATWAVE_RNASEQ_PRJNA913164	control	D55	diploid	SRR22817846	SRX18777280	D55_S146	single	101	6252618	631514418	https://ftp.sra.ebi.ac.uk/vol1/fastq/SRR228/046/SRR22817846/SRR22817846.fastq.gz		289483486		f00719c23fd664bdc8df1c87c19251a6		NCBI BioSample SAMN32287690 isolate=D55; submission attributes.tsv description='diploid, control' (github.com/mattgeorgephd/NOPP-gigas-ploidy-temp, 202107_EXP2/tag-seq/NCBI)
CGIG_HEATWAVE_RNASEQ_PRJNA913164	control	D56	diploid	SRR22817835	SRX18777291	D56_S136	single	101	6294000	635694000	https://ftp.sra.ebi.ac.uk/vol1/fastq/SRR228/035/SRR22817835/SRR22817835.fastq.gz		285856878		0f57bbb84adbb0165d7db35f0720f711		NCBI BioSample SAMN32287691 isolate=D56; submission attributes.tsv description='diploid, control' (github.com/mattgeorgephd/NOPP-gigas-ploidy-temp, 202107_EXP2/tag-seq/NCBI)
CGIG_HEATWAVE_RNASEQ_PRJNA913164	control	D57	diploid	SRR22817824	SRX18777302	D57_S143	single	101	5605571	566162671	https://ftp.sra.ebi.ac.uk/vol1/fastq/SRR228/024/SRR22817824/SRR22817824.fastq.gz		247157062		53eaada5d535cd705bb5c4257fd192f7		NCBI BioSample SAMN32287692 isolate=D57; submission attributes.tsv description='diploid, control' (github.com/mattgeorgephd/NOPP-gigas-ploidy-temp, 202107_EXP2/tag-seq/NCBI)
CGIG_HEATWAVE_RNASEQ_PRJNA913164	control	D58	diploid	SRR22817813	SRX18777313	D58_S144	single	101	8269925	835262425	https://ftp.sra.ebi.ac.uk/vol1/fastq/SRR228/013/SRR22817813/SRR22817813.fastq.gz		382645870		4371aa30486dd28069042a64b6b6c965		NCBI BioSample SAMN32287693 isolate=D58; submission attributes.tsv description='diploid, control' (github.com/mattgeorgephd/NOPP-gigas-ploidy-temp, 202107_EXP2/tag-seq/NCBI)
CGIG_HEATWAVE_RNASEQ_PRJNA913164	control	D59	diploid	SRR22817802	SRX18777324	D59_S142	single	101	5606697	566276397	https://ftp.sra.ebi.ac.uk/vol1/fastq/SRR228/002/SRR22817802/SRR22817802.fastq.gz		252845438		c56809c11bd4ab3a52862c75fc825b84		NCBI BioSample SAMN32287694 isolate=D59; submission attributes.tsv description='diploid, control' (github.com/mattgeorgephd/NOPP-gigas-ploidy-temp, 202107_EXP2/tag-seq/NCBI)
CGIG_HEATWAVE_RNASEQ_PRJNA913164	control	M45	diploid	SRR22817845	SRX18777281	M45_S140	single	101	5773701	583143801	https://ftp.sra.ebi.ac.uk/vol1/fastq/SRR228/045/SRR22817845/SRR22817845.fastq.gz		261229694		8f40c24910da530fde0121a0b0240c17		NCBI BioSample SAMN32287699 isolate=M45; submission attributes.tsv description='diploid, control' (github.com/mattgeorgephd/NOPP-gigas-ploidy-temp, 202107_EXP2/tag-seq/NCBI)
CGIG_HEATWAVE_RNASEQ_PRJNA913164	control	M46	diploid	SRR22817844	SRX18777282	M46_S141	single	101	5620183	567638483	https://ftp.sra.ebi.ac.uk/vol1/fastq/SRR228/044/SRR22817844/SRR22817844.fastq.gz		252353551		c0140dfd3c73132fa8d8d811a051ee1a		NCBI BioSample SAMN32287700 isolate=M46; submission attributes.tsv description='diploid, control' (github.com/mattgeorgephd/NOPP-gigas-ploidy-temp, 202107_EXP2/tag-seq/NCBI)
CGIG_HEATWAVE_RNASEQ_PRJNA913164	control	M48	diploid	SRR22817842	SRX18777284	M48_S137	single	101	5159846	521144446	https://ftp.sra.ebi.ac.uk/vol1/fastq/SRR228/042/SRR22817842/SRR22817842.fastq.gz		232173540		9b97285805a7ec2f6f7f98e1222ee252		NCBI BioSample SAMN32287702 isolate=M48; submission attributes.tsv description='diploid, control' (github.com/mattgeorgephd/NOPP-gigas-ploidy-temp, 202107_EXP2/tag-seq/NCBI)
CGIG_HEATWAVE_RNASEQ_PRJNA913164	control	M49	diploid	SRR22817841	SRX18777285	M49_S139	single	101	6928030	699731030	https://ftp.sra.ebi.ac.uk/vol1/fastq/SRR228/041/SRR22817841/SRR22817841.fastq.gz		309283697		76939d6cdc124f5a3543089c791cb662		NCBI BioSample SAMN32287703 isolate=M49; submission attributes.tsv description='diploid, control' (github.com/mattgeorgephd/NOPP-gigas-ploidy-temp, 202107_EXP2/tag-seq/NCBI)
CGIG_HEATWAVE_RNASEQ_PRJNA913164	control	M89	diploid	SRR22817840	SRX18777286	M89_S138	single	101	6968842	703853042	https://ftp.sra.ebi.ac.uk/vol1/fastq/SRR228/040/SRR22817840/SRR22817840.fastq.gz		322320730		ff0ec71bdb03fe4187370831e925537f		NCBI BioSample SAMN32287704 isolate=M89; submission attributes.tsv description='diploid, control' (github.com/mattgeorgephd/NOPP-gigas-ploidy-temp, 202107_EXP2/tag-seq/NCBI)
CGIG_HEATWAVE_RNASEQ_PRJNA913164	control	M90	diploid	SRR22817839	SRX18777287	M90_S147	single	101	4802612	485063812	https://ftp.sra.ebi.ac.uk/vol1/fastq/SRR228/039/SRR22817839/SRR22817839.fastq.gz		214174369		7cf4523cee07dbc09cbefa942c222469		NCBI BioSample SAMN32287705 isolate=M90; submission attributes.tsv description='diploid, control' (github.com/mattgeorgephd/NOPP-gigas-ploidy-temp, 202107_EXP2/tag-seq/NCBI)
CGIG_HEATWAVE_RNASEQ_PRJNA913164	control	T55	triploid	SRR22817795	SRX18777331	T55_S158	single	101	5574286	563002886	https://ftp.sra.ebi.ac.uk/vol1/fastq/SRR228/095/SRR22817795/SRR22817795.fastq.gz		255074553		1531b9082ecc54548ff0392b9aa18cf5		NCBI BioSample SAMN32287745 isolate=T55; submission attributes.tsv description='triploid, control' (github.com/mattgeorgephd/NOPP-gigas-ploidy-temp, 202107_EXP2/tag-seq/NCBI)
CGIG_HEATWAVE_RNASEQ_PRJNA913164	control	T56	triploid	SRR22817794	SRX18777332	T56_S155	single	101	5471833	552655133	https://ftp.sra.ebi.ac.uk/vol1/fastq/SRR228/094/SRR22817794/SRR22817794.fastq.gz		248763912		a94077a894fc0e1ef252aabb2ba832e4		NCBI BioSample SAMN32287746 isolate=T56; submission attributes.tsv description='triploid, control' (github.com/mattgeorgephd/NOPP-gigas-ploidy-temp, 202107_EXP2/tag-seq/NCBI)
CGIG_HEATWAVE_RNASEQ_PRJNA913164	control	T57	triploid	SRR22817793	SRX18777333	T57_S157	single	101	7144886	721633486	https://ftp.sra.ebi.ac.uk/vol1/fastq/SRR228/093/SRR22817793/SRR22817793.fastq.gz		315330427		db63049a6f2ac1efcea86e4cc40bea78		NCBI BioSample SAMN32287747 isolate=T57; submission attributes.tsv description='triploid, control' (github.com/mattgeorgephd/NOPP-gigas-ploidy-temp, 202107_EXP2/tag-seq/NCBI)
CGIG_HEATWAVE_RNASEQ_PRJNA913164	control	T58	triploid	SRR22817792	SRX18777334	T58_S152	single	101	4432924	447725324	https://ftp.sra.ebi.ac.uk/vol1/fastq/SRR228/092/SRR22817792/SRR22817792.fastq.gz		202372089		a217a770495533620b6dfd314da9f962		NCBI BioSample SAMN32287748 isolate=T58; submission attributes.tsv description='triploid, control' (github.com/mattgeorgephd/NOPP-gigas-ploidy-temp, 202107_EXP2/tag-seq/NCBI)
CGIG_HEATWAVE_RNASEQ_PRJNA913164	control	T59	triploid	SRR22817790	SRX18777336	T59_S151	single	101	4443432	448786632	https://ftp.sra.ebi.ac.uk/vol1/fastq/SRR228/090/SRR22817790/SRR22817790.fastq.gz		198521059		5edd2bfed7bb4fc4b9f5810fdde7ead1		NCBI BioSample SAMN32287749 isolate=T59; submission attributes.tsv description='triploid, control' (github.com/mattgeorgephd/NOPP-gigas-ploidy-temp, 202107_EXP2/tag-seq/NCBI)
CGIG_HEATWAVE_RNASEQ_PRJNA913164	control	T60	triploid	SRR22817789	SRX18777337	T60_S149	single	101	5526042	558130242	https://ftp.sra.ebi.ac.uk/vol1/fastq/SRR228/089/SRR22817789/SRR22817789.fastq.gz		256727171		c0f4a58190face48f7a6e1a16d47607a		NCBI BioSample SAMN32287750 isolate=T60; submission attributes.tsv description='triploid, control' (github.com/mattgeorgephd/NOPP-gigas-ploidy-temp, 202107_EXP2/tag-seq/NCBI)
CGIG_HEATWAVE_RNASEQ_PRJNA913164	control	T61	triploid	SRR22817788	SRX18777338	T61_S156	single	101	7033842	710418042	https://ftp.sra.ebi.ac.uk/vol1/fastq/SRR228/088/SRR22817788/SRR22817788.fastq.gz		325715291		761b524b0286501f4e2c8f0d97a37241		NCBI BioSample SAMN32287751 isolate=T61; submission attributes.tsv description='triploid, control' (github.com/mattgeorgephd/NOPP-gigas-ploidy-temp, 202107_EXP2/tag-seq/NCBI)
CGIG_HEATWAVE_RNASEQ_PRJNA913164	control	T62	triploid	SRR22817787	SRX18777339	T62_S148	single	101	4365714	440937114	https://ftp.sra.ebi.ac.uk/vol1/fastq/SRR228/087/SRR22817787/SRR22817787.fastq.gz		200508979		a86a6700060d71089a53efedcbfe048a		NCBI BioSample SAMN32287752 isolate=T62; submission attributes.tsv description='triploid, control' (github.com/mattgeorgephd/NOPP-gigas-ploidy-temp, 202107_EXP2/tag-seq/NCBI)
CGIG_HEATWAVE_RNASEQ_PRJNA913164	control	X45	triploid	SRR22817782	SRX18777344	X45_S159	single	101	5863494	592212894	https://ftp.sra.ebi.ac.uk/vol1/fastq/SRR228/082/SRR22817782/SRR22817782.fastq.gz		262183793		9fdf631c1c65eae5ad276a3ceb623be6		NCBI BioSample SAMN32287757 isolate=X45; submission attributes.tsv description='triploid, control' (github.com/mattgeorgephd/NOPP-gigas-ploidy-temp, 202107_EXP2/tag-seq/NCBI)
CGIG_HEATWAVE_RNASEQ_PRJNA913164	control	X46	triploid	SRR22817781	SRX18777345	X46_S153	single	101	6724226	679146826	https://ftp.sra.ebi.ac.uk/vol1/fastq/SRR228/081/SRR22817781/SRR22817781.fastq.gz		308924698		429f08a8ac61ffe4c9c06fa411793938		NCBI BioSample SAMN32287758 isolate=X46; submission attributes.tsv description='triploid, control' (github.com/mattgeorgephd/NOPP-gigas-ploidy-temp, 202107_EXP2/tag-seq/NCBI)
CGIG_HEATWAVE_RNASEQ_PRJNA913164	control	X47	triploid	SRR22817779	SRX18777347	X47_S150	single	101	6890542	695944742	https://ftp.sra.ebi.ac.uk/vol1/fastq/SRR228/079/SRR22817779/SRR22817779.fastq.gz		317070203		e2e66f26223134bb3b52141029e0ca1d		NCBI BioSample SAMN32287759 isolate=X47; submission attributes.tsv description='triploid, control' (github.com/mattgeorgephd/NOPP-gigas-ploidy-temp, 202107_EXP2/tag-seq/NCBI)
CGIG_HEATWAVE_RNASEQ_PRJNA913164	control	X48	triploid	SRR22817778	SRX18777348	X48_S154	single	101	5122802	517403002	https://ftp.sra.ebi.ac.uk/vol1/fastq/SRR228/078/SRR22817778/SRR22817778.fastq.gz		228590248		e8ab51de6c5944757872f7b1f4999e73		NCBI BioSample SAMN32287760 isolate=X48; submission attributes.tsv description='triploid, control' (github.com/mattgeorgephd/NOPP-gigas-ploidy-temp, 202107_EXP2/tag-seq/NCBI)
CGIG_HEATWAVE_RNASEQ_PRJNA913164	heat	M41	diploid	SRR22817791	SRX18777335	M41_S161	single	101	5715573	577272873	https://ftp.sra.ebi.ac.uk/vol1/fastq/SRR228/091/SRR22817791/SRR22817791.fastq.gz		259645917		3dc0dc2feac0986265b06c327383fb5a		NCBI BioSample SAMN32287695 isolate=M41; submission attributes.tsv description='diploid, single stressor' (github.com/mattgeorgephd/NOPP-gigas-ploidy-temp, 202107_EXP2/tag-seq/NCBI)
CGIG_HEATWAVE_RNASEQ_PRJNA913164	heat	M42	diploid	SRR22817780	SRX18777346	M42_S169	single	101	5424520	547876520	https://ftp.sra.ebi.ac.uk/vol1/fastq/SRR228/080/SRR22817780/SRR22817780.fastq.gz		243043092		cf30b2f4beacc89a22d556f8d46000f5		NCBI BioSample SAMN32287696 isolate=M42; submission attributes.tsv description='diploid, single stressor' (github.com/mattgeorgephd/NOPP-gigas-ploidy-temp, 202107_EXP2/tag-seq/NCBI)
CGIG_HEATWAVE_RNASEQ_PRJNA913164	heat	M43	diploid	SRR22817777	SRX18777349	M43_S160	single	101	5817307	587548007	https://ftp.sra.ebi.ac.uk/vol1/fastq/SRR228/077/SRR22817777/SRR22817777.fastq.gz		254786835		8d0f1ae47c613773dfd6d39a3fb9371a		NCBI BioSample SAMN32287697 isolate=M43; submission attributes.tsv description='diploid, single stressor' (github.com/mattgeorgephd/NOPP-gigas-ploidy-temp, 202107_EXP2/tag-seq/NCBI)
CGIG_HEATWAVE_RNASEQ_PRJNA913164	heat	M44	diploid	SRR22817776	SRX18777350	M44_S163	single	101	4483740	452857740	https://ftp.sra.ebi.ac.uk/vol1/fastq/SRR228/076/SRR22817776/SRR22817776.fastq.gz		203588649		ae61036f6d1f705dceaac04322db03e4		NCBI BioSample SAMN32287698 isolate=M44; submission attributes.tsv description='diploid, single stressor' (github.com/mattgeorgephd/NOPP-gigas-ploidy-temp, 202107_EXP2/tag-seq/NCBI)
CGIG_HEATWAVE_RNASEQ_PRJNA913164	heat	M47	diploid	SRR22817843	SRX18777283	M47_S162	single	101	6180136	624193736	https://ftp.sra.ebi.ac.uk/vol1/fastq/SRR228/043/SRR22817843/SRR22817843.fastq.gz		277768269		38d5a18f8dbf7756cd3c6f4b686e139a		NCBI BioSample SAMN32287701 isolate=M47; submission attributes.tsv description='diploid, single stressor' (github.com/mattgeorgephd/NOPP-gigas-ploidy-temp, 202107_EXP2/tag-seq/NCBI)
CGIG_HEATWAVE_RNASEQ_PRJNA913164	heat	N41	diploid	SRR22817838	SRX18777288	N41_S164	single	101	5413846	546798446	https://ftp.sra.ebi.ac.uk/vol1/fastq/SRR228/038/SRR22817838/SRR22817838.fastq.gz		243148650		304a27485caa109f3a00fc9667c9ce74		NCBI BioSample SAMN32287706 isolate=N41; submission attributes.tsv description='diploid, single stressor' (github.com/mattgeorgephd/NOPP-gigas-ploidy-temp, 202107_EXP2/tag-seq/NCBI)
CGIG_HEATWAVE_RNASEQ_PRJNA913164	heat	N42	diploid	SRR22817837	SRX18777289	N42_S167	single	101	5313491	536662591	https://ftp.sra.ebi.ac.uk/vol1/fastq/SRR228/037/SRR22817837/SRR22817837.fastq.gz		238165621		19d0696df06b45c9cce09b016d6f25cc		NCBI BioSample SAMN32287707 isolate=N42; submission attributes.tsv description='diploid, single stressor' (github.com/mattgeorgephd/NOPP-gigas-ploidy-temp, 202107_EXP2/tag-seq/NCBI)
CGIG_HEATWAVE_RNASEQ_PRJNA913164	heat	N43	diploid	SRR22817836	SRX18777290	N43_S165	single	101	6287403	635027703	https://ftp.sra.ebi.ac.uk/vol1/fastq/SRR228/036/SRR22817836/SRR22817836.fastq.gz		283377159		93b5049aa8f4d065850ab39b6ad318e7		NCBI BioSample SAMN32287708 isolate=N43; submission attributes.tsv description='diploid, single stressor' (github.com/mattgeorgephd/NOPP-gigas-ploidy-temp, 202107_EXP2/tag-seq/NCBI)
CGIG_HEATWAVE_RNASEQ_PRJNA913164	heat	N44	diploid	SRR22817834	SRX18777292	N44_S171	single	101	5541136	559654736	https://ftp.sra.ebi.ac.uk/vol1/fastq/SRR228/034/SRR22817834/SRR22817834.fastq.gz		248232838		626b07c0483ac309bce712e6785f638a		NCBI BioSample SAMN32287709 isolate=N44; submission attributes.tsv description='diploid, single stressor' (github.com/mattgeorgephd/NOPP-gigas-ploidy-temp, 202107_EXP2/tag-seq/NCBI)
CGIG_HEATWAVE_RNASEQ_PRJNA913164	heat	N45	diploid	SRR22817833	SRX18777293	N45_S166	single	101	5934147	599348847	https://ftp.sra.ebi.ac.uk/vol1/fastq/SRR228/033/SRR22817833/SRR22817833.fastq.gz		264580691		90e7fb9fe2630d225b5b1acb1d3f88ec		NCBI BioSample SAMN32287710 isolate=N45; submission attributes.tsv description='diploid, single stressor' (github.com/mattgeorgephd/NOPP-gigas-ploidy-temp, 202107_EXP2/tag-seq/NCBI)
CGIG_HEATWAVE_RNASEQ_PRJNA913164	heat	N46	diploid	SRR22817832	SRX18777294	N46_S170	single	101	5755855	581341355	https://ftp.sra.ebi.ac.uk/vol1/fastq/SRR228/032/SRR22817832/SRR22817832.fastq.gz		257321698		5d661cddd8dcd73df7ac7dbcbab8a60b		NCBI BioSample SAMN32287711 isolate=N46; submission attributes.tsv description='diploid, single stressor' (github.com/mattgeorgephd/NOPP-gigas-ploidy-temp, 202107_EXP2/tag-seq/NCBI)
CGIG_HEATWAVE_RNASEQ_PRJNA913164	heat	N47	diploid	SRR22817831	SRX18777295	N47_S168	single	101	5426447	548071147	https://ftp.sra.ebi.ac.uk/vol1/fastq/SRR228/031/SRR22817831/SRR22817831.fastq.gz		243247109		99f64384d432a5c567cf7f8f12cb2186		NCBI BioSample SAMN32287712 isolate=N47; submission attributes.tsv description='diploid, single stressor' (github.com/mattgeorgephd/NOPP-gigas-ploidy-temp, 202107_EXP2/tag-seq/NCBI)
CGIG_HEATWAVE_RNASEQ_PRJNA913164	heat	R41	triploid	SRR22817817	SRX18777309	R41_S181	single	101	6762351	682997451	https://ftp.sra.ebi.ac.uk/vol1/fastq/SRR228/017/SRR22817817/SRR22817817.fastq.gz		307891971		c12ad70bc26a350ed6a9b34f83477dff		NCBI BioSample SAMN32287725 isolate=R41; submission attributes.tsv description='triploid, single stressor' (github.com/mattgeorgephd/NOPP-gigas-ploidy-temp, 202107_EXP2/tag-seq/NCBI)
CGIG_HEATWAVE_RNASEQ_PRJNA913164	heat	R42	triploid	SRR22817816	SRX18777310	R42_S175	single	101	5241561	529397661	https://ftp.sra.ebi.ac.uk/vol1/fastq/SRR228/016/SRR22817816/SRR22817816.fastq.gz		234458891		382a4ca5b02c6caaeedf725b58957cde		NCBI BioSample SAMN32287726 isolate=R42; submission attributes.tsv description='triploid, single stressor' (github.com/mattgeorgephd/NOPP-gigas-ploidy-temp, 202107_EXP2/tag-seq/NCBI)
CGIG_HEATWAVE_RNASEQ_PRJNA913164	heat	R43	triploid	SRR22817815	SRX18777311	R43_S177	single	101	6082170	614299170	https://ftp.sra.ebi.ac.uk/vol1/fastq/SRR228/015/SRR22817815/SRR22817815.fastq.gz		272906459		b191aa2a9ddd850f75e6efab94f97483		NCBI BioSample SAMN32287727 isolate=R43; submission attributes.tsv description='triploid, single stressor' (github.com/mattgeorgephd/NOPP-gigas-ploidy-temp, 202107_EXP2/tag-seq/NCBI)
CGIG_HEATWAVE_RNASEQ_PRJNA913164	heat	R46	triploid	SRR22817814	SRX18777312	R46_S178	single	101	7231195	730350695	https://ftp.sra.ebi.ac.uk/vol1/fastq/SRR228/014/SRR22817814/SRR22817814.fastq.gz		329298519		52e1fb7c3022b07f72137ea0b0152d12		NCBI BioSample SAMN32287728 isolate=R46; submission attributes.tsv description='triploid, single stressor' (github.com/mattgeorgephd/NOPP-gigas-ploidy-temp, 202107_EXP2/tag-seq/NCBI)
CGIG_HEATWAVE_RNASEQ_PRJNA913164	heat	R47	triploid	SRR22817812	SRX18777314	R47_S179	single	101	5026816	507708416	https://ftp.sra.ebi.ac.uk/vol1/fastq/SRR228/012/SRR22817812/SRR22817812.fastq.gz		225924073		92d1d2069d46518f151516f29090c1e3		NCBI BioSample SAMN32287729 isolate=R47; submission attributes.tsv description='triploid, single stressor' (github.com/mattgeorgephd/NOPP-gigas-ploidy-temp, 202107_EXP2/tag-seq/NCBI)
CGIG_HEATWAVE_RNASEQ_PRJNA913164	heat	R48	triploid	SRR22817811	SRX18777315	R48_S176	single	101	5196856	524882456	https://ftp.sra.ebi.ac.uk/vol1/fastq/SRR228/011/SRR22817811/SRR22817811.fastq.gz		243120108		cc8d9eaba2e63a8af313d79a1db80893		NCBI BioSample SAMN32287730 isolate=R48; submission attributes.tsv description='triploid, single stressor' (github.com/mattgeorgephd/NOPP-gigas-ploidy-temp, 202107_EXP2/tag-seq/NCBI)
CGIG_HEATWAVE_RNASEQ_PRJNA913164	heat	R50	triploid	SRR22817810	SRX18777316	R50_S174	single	101	5282710	533553710	https://ftp.sra.ebi.ac.uk/vol1/fastq/SRR228/010/SRR22817810/SRR22817810.fastq.gz		239247193		985ca8dbc86a47aaf7b0019f8dcf592b		NCBI BioSample SAMN32287731 isolate=R50; submission attributes.tsv description='triploid, single stressor' (github.com/mattgeorgephd/NOPP-gigas-ploidy-temp, 202107_EXP2/tag-seq/NCBI)
CGIG_HEATWAVE_RNASEQ_PRJNA913164	heat	R78	triploid	SRR22817796	SRX18777330	R78_S180	single	101	5777941	583572041	https://ftp.sra.ebi.ac.uk/vol1/fastq/SRR228/096/SRR22817796/SRR22817796.fastq.gz		257040263		5d9653eff97c30fec82f07fe5fd357fb		NCBI BioSample SAMN32287744 isolate=R78; submission attributes.tsv description='triploid, single stressor' (github.com/mattgeorgephd/NOPP-gigas-ploidy-temp, 202107_EXP2/tag-seq/NCBI)
CGIG_HEATWAVE_RNASEQ_PRJNA913164	heat	X41	triploid	SRR22817786	SRX18777340	X41_S183	single	101	5714075	577121575	https://ftp.sra.ebi.ac.uk/vol1/fastq/SRR228/086/SRR22817786/SRR22817786.fastq.gz		256024851		c65d63e424804f24720df2d6b4e5185a		NCBI BioSample SAMN32287753 isolate=X41; submission attributes.tsv description='triploid, single stressor' (github.com/mattgeorgephd/NOPP-gigas-ploidy-temp, 202107_EXP2/tag-seq/NCBI)
CGIG_HEATWAVE_RNASEQ_PRJNA913164	heat	X42	triploid	SRR22817785	SRX18777341	X42_S182	single	101	3912227	395134927	https://ftp.sra.ebi.ac.uk/vol1/fastq/SRR228/085/SRR22817785/SRR22817785.fastq.gz		183204557		c198f6f70dbc99d6259642ad60014418		NCBI BioSample SAMN32287754 isolate=X42; submission attributes.tsv description='triploid, single stressor' (github.com/mattgeorgephd/NOPP-gigas-ploidy-temp, 202107_EXP2/tag-seq/NCBI)
CGIG_HEATWAVE_RNASEQ_PRJNA913164	heat	X43	triploid	SRR22817784	SRX18777342	X43_S173	single	101	5034770	508511770	https://ftp.sra.ebi.ac.uk/vol1/fastq/SRR228/084/SRR22817784/SRR22817784.fastq.gz		232526346		9e14d094c7b694b680728eb95fca1bf5		NCBI BioSample SAMN32287755 isolate=X43; submission attributes.tsv description='triploid, single stressor' (github.com/mattgeorgephd/NOPP-gigas-ploidy-temp, 202107_EXP2/tag-seq/NCBI)
CGIG_HEATWAVE_RNASEQ_PRJNA913164	heat	X44	triploid	SRR22817783	SRX18777343	X44_S172	single	101	1106928	111799728	https://ftp.sra.ebi.ac.uk/vol1/fastq/SRR228/083/SRR22817783/SRR22817783.fastq.gz		51703074		6f0aa1681fca06b224b7253ed733ce67		NCBI BioSample SAMN32287756 isolate=X44; submission attributes.tsv description='triploid, single stressor' (github.com/mattgeorgephd/NOPP-gigas-ploidy-temp, 202107_EXP2/tag-seq/NCBI)
CGIG_HEATWAVE_RNASEQ_PRJNA913164	heat_emersion	N48	diploid	SRR22817830	SRX18777296	N48_S194	single	101	4458921	450351021	https://ftp.sra.ebi.ac.uk/vol1/fastq/SRR228/030/SRR22817830/SRR22817830.fastq.gz		203542968		533311afad1b143ecf38131d67a349f7		NCBI BioSample SAMN32287713 isolate=N48; submission attributes.tsv description='diploid, multiple stressor' (github.com/mattgeorgephd/NOPP-gigas-ploidy-temp, 202107_EXP2/tag-seq/NCBI)
CGIG_HEATWAVE_RNASEQ_PRJNA913164	heat_emersion	N49	diploid	SRR22817829	SRX18777297	N49_S185	single	101	4970990	502069990	https://ftp.sra.ebi.ac.uk/vol1/fastq/SRR228/029/SRR22817829/SRR22817829.fastq.gz		227773705		8221cd5dd25a71ab4e42b6f9a54ea83d		NCBI BioSample SAMN32287714 isolate=N49; submission attributes.tsv description='diploid, multiple stressor' (github.com/mattgeorgephd/NOPP-gigas-ploidy-temp, 202107_EXP2/tag-seq/NCBI)
CGIG_HEATWAVE_RNASEQ_PRJNA913164	heat_emersion	N50	diploid	SRR22817828	SRX18777298	N50_S187	single	101	6187885	624976385	https://ftp.sra.ebi.ac.uk/vol1/fastq/SRR228/028/SRR22817828/SRR22817828.fastq.gz		275242491		db64f684154073b1e0b5127c3c40f20e		NCBI BioSample SAMN32287715 isolate=N50; submission attributes.tsv description='diploid, multiple stressor' (github.com/mattgeorgephd/NOPP-gigas-ploidy-temp, 202107_EXP2/tag-seq/NCBI)
CGIG_HEATWAVE_RNASEQ_PRJNA913164	heat_emersion	N51	diploid	SRR22817827	SRX18777299	N51_S186	single	101	5294905	534785405	https://ftp.sra.ebi.ac.uk/vol1/fastq/SRR228/027/SRR22817827/SRR22817827.fastq.gz		236613531		cb1d7af575fe080d8d4a06f9a0927eac		NCBI BioSample SAMN32287716 isolate=N51; submission attributes.tsv description='diploid, multiple stressor' (github.com/mattgeorgephd/NOPP-gigas-ploidy-temp, 202107_EXP2/tag-seq/NCBI)
CGIG_HEATWAVE_RNASEQ_PRJNA913164	heat_emersion	N52	diploid	SRR22817826	SRX18777300	N52_S184	single	101	7533767	760910467	https://ftp.sra.ebi.ac.uk/vol1/fastq/SRR228/026/SRR22817826/SRR22817826.fastq.gz		348901162		43b7251b5d03a14bb499c66b1dee3418		NCBI BioSample SAMN32287717 isolate=N52; submission attributes.tsv description='diploid, multiple stressor' (github.com/mattgeorgephd/NOPP-gigas-ploidy-temp, 202107_EXP2/tag-seq/NCBI)
CGIG_HEATWAVE_RNASEQ_PRJNA913164	heat_emersion	N53	diploid	SRR22817825	SRX18777301	N53_S188	single	101	5839603	589799903	https://ftp.sra.ebi.ac.uk/vol1/fastq/SRR228/025/SRR22817825/SRR22817825.fastq.gz		262156980		ee4f9d32eb0eab97b0a82622c4344813		NCBI BioSample SAMN32287718 isolate=N53; submission attributes.tsv description='diploid, multiple stressor' (github.com/mattgeorgephd/NOPP-gigas-ploidy-temp, 202107_EXP2/tag-seq/NCBI)
CGIG_HEATWAVE_RNASEQ_PRJNA913164	heat_emersion	N54	diploid	SRR22817823	SRX18777303	N54_S193	single	101	6583940	664977940	https://ftp.sra.ebi.ac.uk/vol1/fastq/SRR228/023/SRR22817823/SRR22817823.fastq.gz		286101605		adaf7b9f909f4c0645ae903e2b022022		NCBI BioSample SAMN32287719 isolate=N54; submission attributes.tsv description='diploid, multiple stressor' (github.com/mattgeorgephd/NOPP-gigas-ploidy-temp, 202107_EXP2/tag-seq/NCBI)
CGIG_HEATWAVE_RNASEQ_PRJNA913164	heat_emersion	N55	diploid	SRR22817822	SRX18777304	N55_S190	single	101	4233556	427589156	https://ftp.sra.ebi.ac.uk/vol1/fastq/SRR228/022/SRR22817822/SRR22817822.fastq.gz		189988695		8f8913c8878ce0cd9ee5619d13ef56e7		NCBI BioSample SAMN32287720 isolate=N55; submission attributes.tsv description='diploid, multiple stressor' (github.com/mattgeorgephd/NOPP-gigas-ploidy-temp, 202107_EXP2/tag-seq/NCBI)
CGIG_HEATWAVE_RNASEQ_PRJNA913164	heat_emersion	N56	diploid	SRR22817821	SRX18777305	N56_S192	single	101	915138	92428938	https://ftp.sra.ebi.ac.uk/vol1/fastq/SRR228/021/SRR22817821/SRR22817821.fastq.gz		40004716		c56f179d74c83945a0059ec144ed839b		NCBI BioSample SAMN32287721 isolate=N56; submission attributes.tsv description='diploid, multiple stressor' (github.com/mattgeorgephd/NOPP-gigas-ploidy-temp, 202107_EXP2/tag-seq/NCBI)
CGIG_HEATWAVE_RNASEQ_PRJNA913164	heat_emersion	N57	diploid	SRR22817820	SRX18777306	N57_S191	single	101	6030447	609075147	https://ftp.sra.ebi.ac.uk/vol1/fastq/SRR228/020/SRR22817820/SRR22817820.fastq.gz		284043162		a04493a92fbda756381ae4c8576ae655		NCBI BioSample SAMN32287722 isolate=N57; submission attributes.tsv description='diploid, multiple stressor' (github.com/mattgeorgephd/NOPP-gigas-ploidy-temp, 202107_EXP2/tag-seq/NCBI)
CGIG_HEATWAVE_RNASEQ_PRJNA913164	heat_emersion	N58	diploid	SRR22817819	SRX18777307	N58_S195	single	101	5671465	572817965	https://ftp.sra.ebi.ac.uk/vol1/fastq/SRR228/019/SRR22817819/SRR22817819.fastq.gz		252146682		bcfd3ec5f289b2fb0cda6dc0fe9e094e		NCBI BioSample SAMN32287723 isolate=N58; submission attributes.tsv description='diploid, multiple stressor' (github.com/mattgeorgephd/NOPP-gigas-ploidy-temp, 202107_EXP2/tag-seq/NCBI)
CGIG_HEATWAVE_RNASEQ_PRJNA913164	heat_emersion	N59	diploid	SRR22817818	SRX18777308	N59_S189	single	101	5902525	596155025	https://ftp.sra.ebi.ac.uk/vol1/fastq/SRR228/018/SRR22817818/SRR22817818.fastq.gz		268848505		ae0c5d8ae6999d22e9ce7c405466ba17		NCBI BioSample SAMN32287724 isolate=N59; submission attributes.tsv description='diploid, multiple stressor' (github.com/mattgeorgephd/NOPP-gigas-ploidy-temp, 202107_EXP2/tag-seq/NCBI)
CGIG_HEATWAVE_RNASEQ_PRJNA913164	heat_emersion	R51	triploid	SRR22817809	SRX18777317	R51_S205	single	101	5723502	578073702	https://ftp.sra.ebi.ac.uk/vol1/fastq/SRR228/009/SRR22817809/SRR22817809.fastq.gz		262703161		8195522445442207442aa3e602621cc7		NCBI BioSample SAMN32287732 isolate=R51; submission attributes.tsv description='triploid, multiple stressor' (github.com/mattgeorgephd/NOPP-gigas-ploidy-temp, 202107_EXP2/tag-seq/NCBI)
CGIG_HEATWAVE_RNASEQ_PRJNA913164	heat_emersion	R52	triploid	SRR22817808	SRX18777318	R52_S204	single	101	4829830	487812830	https://ftp.sra.ebi.ac.uk/vol1/fastq/SRR228/008/SRR22817808/SRR22817808.fastq.gz		221900354		f46f1149c742f18ea5e8aabc96ba6384		NCBI BioSample SAMN32287733 isolate=R52; submission attributes.tsv description='triploid, multiple stressor' (github.com/mattgeorgephd/NOPP-gigas-ploidy-temp, 202107_EXP2/tag-seq/NCBI)
CGIG_HEATWAVE_RNASEQ_PRJNA913164	heat_emersion	R53	triploid	SRR22817807	SRX18777319	R53_S199	single	101	5654729	571127629	https://ftp.sra.ebi.ac.uk/vol1/fastq/SRR228/007/SRR22817807/SRR22817807.fastq.gz		249690721		3fd98a2546dc705ff519047bd9ebb5f6		NCBI BioSample SAMN32287734 isolate=R53; submission attributes.tsv description='triploid, multiple stressor' (github.com/mattgeorgephd/NOPP-gigas-ploidy-temp, 202107_EXP2/tag-seq/NCBI)
CGIG_HEATWAVE_RNASEQ_PRJNA913164	heat_emersion	R54	triploid	SRR22817806	SRX18777320	R54_S206	single	101	6201192	626320392	https://ftp.sra.ebi.ac.uk/vol1/fastq/SRR228/006/SRR22817806/SRR22817806.fastq.gz		281951075		f7e52fb09ba6ce5032c888fb7205487e		NCBI BioSample SAMN32287735 isolate=R54; submission attributes.tsv description='triploid, multiple stressor' (github.com/mattgeorgephd/NOPP-gigas-ploidy-temp, 202107_EXP2/tag-seq/NCBI)
CGIG_HEATWAVE_RNASEQ_PRJNA913164	heat_emersion	R55	triploid	SRR22817805	SRX18777321	R55_S196	single	101	5585971	564183071	https://ftp.sra.ebi.ac.uk/vol1/fastq/SRR228/005/SRR22817805/SRR22817805.fastq.gz		252927121		ab091e0487f5e0c40cf9eba1ea8734f9		NCBI BioSample SAMN32287736 isolate=R55; submission attributes.tsv description='triploid, multiple stressor' (github.com/mattgeorgephd/NOPP-gigas-ploidy-temp, 202107_EXP2/tag-seq/NCBI)
CGIG_HEATWAVE_RNASEQ_PRJNA913164	heat_emersion	R56	triploid	SRR22817804	SRX18777322	R56_S197	single	101	5317538	537071338	https://ftp.sra.ebi.ac.uk/vol1/fastq/SRR228/004/SRR22817804/SRR22817804.fastq.gz		236878372		29fcb8adcb65413664e1ca8aa06a1718		NCBI BioSample SAMN32287737 isolate=R56; submission attributes.tsv description='triploid, multiple stressor' (github.com/mattgeorgephd/NOPP-gigas-ploidy-temp, 202107_EXP2/tag-seq/NCBI)
CGIG_HEATWAVE_RNASEQ_PRJNA913164	heat_emersion	R57	triploid	SRR22817803	SRX18777323	R57_S200	single	101	5994048	605398848	https://ftp.sra.ebi.ac.uk/vol1/fastq/SRR228/003/SRR22817803/SRR22817803.fastq.gz		274048463		3b62e081102aa84c487ce274fced5266		NCBI BioSample SAMN32287738 isolate=R57; submission attributes.tsv description='triploid, multiple stressor' (github.com/mattgeorgephd/NOPP-gigas-ploidy-temp, 202107_EXP2/tag-seq/NCBI)
CGIG_HEATWAVE_RNASEQ_PRJNA913164	heat_emersion	R58	triploid	SRR22817801	SRX18777325	R58_S198	single	101	5722422	577964622	https://ftp.sra.ebi.ac.uk/vol1/fastq/SRR228/001/SRR22817801/SRR22817801.fastq.gz		259896265		11cc8e70939b3c34365036889d9caded		NCBI BioSample SAMN32287739 isolate=R58; submission attributes.tsv description='triploid, multiple stressor' (github.com/mattgeorgephd/NOPP-gigas-ploidy-temp, 202107_EXP2/tag-seq/NCBI)
CGIG_HEATWAVE_RNASEQ_PRJNA913164	heat_emersion	R59	triploid	SRR22817800	SRX18777326	R59_S202	single	101	3986275	402613775	https://ftp.sra.ebi.ac.uk/vol1/fastq/SRR228/000/SRR22817800/SRR22817800.fastq.gz		180504848		8cf159fbeca45006da03f1e76feea292		NCBI BioSample SAMN32287740 isolate=R59; submission attributes.tsv description='triploid, multiple stressor' (github.com/mattgeorgephd/NOPP-gigas-ploidy-temp, 202107_EXP2/tag-seq/NCBI)
CGIG_HEATWAVE_RNASEQ_PRJNA913164	heat_emersion	R60	triploid	SRR22817799	SRX18777327	R60_S201	single	101	5164126	521576726	https://ftp.sra.ebi.ac.uk/vol1/fastq/SRR228/099/SRR22817799/SRR22817799.fastq.gz		229381772		10d1b3a5c6ba669e1e67ad87f5439c2c		NCBI BioSample SAMN32287741 isolate=R60; submission attributes.tsv description='triploid, multiple stressor' (github.com/mattgeorgephd/NOPP-gigas-ploidy-temp, 202107_EXP2/tag-seq/NCBI)
CGIG_HEATWAVE_RNASEQ_PRJNA913164	heat_emersion	R61	triploid	SRR22817798	SRX18777328	R61_S207	single	101	4499316	454430916	https://ftp.sra.ebi.ac.uk/vol1/fastq/SRR228/098/SRR22817798/SRR22817798.fastq.gz		203846850		6b07f880933bad7143a32f441bfd5845		NCBI BioSample SAMN32287742 isolate=R61; submission attributes.tsv description='triploid, multiple stressor' (github.com/mattgeorgephd/NOPP-gigas-ploidy-temp, 202107_EXP2/tag-seq/NCBI)
CGIG_HEATWAVE_RNASEQ_PRJNA913164	heat_emersion	R62	triploid	SRR22817797	SRX18777329	R62_S203	single	101	3061587	309220287	https://ftp.sra.ebi.ac.uk/vol1/fastq/SRR228/097/SRR22817797/SRR22817797.fastq.gz		144895052		11a253947c5ae377b722e2ad2ec8a931		NCBI BioSample SAMN32287743 isolate=R62; submission attributes.tsv description='triploid, multiple stressor' (github.com/mattgeorgephd/NOPP-gigas-ploidy-temp, 202107_EXP2/tag-seq/NCBI)
