run_accession	sra_size	sra_md5	sra_url
SRR35422866	3620414114	1aaaa097d0d599b689de402a8145586d	https://sra-pub-run-odp.s3.amazonaws.com/sra/SRR35422866/SRR35422866
SRR35422867	3283561942	86ca62a4ec3be3cc9f423ce63f56e99c	https://sra-pub-run-odp.s3.amazonaws.com/sra/SRR35422867/SRR35422867
SRR35422868	4053840158	f9b2004983ab768afe71bd858a427553	https://sra-pub-run-odp.s3.amazonaws.com/sra/SRR35422868/SRR35422868
SRR35422869	3522210178	f76d56766f594e9422f457e912050f41	https://sra-pub-run-odp.s3.amazonaws.com/sra/SRR35422869/SRR35422869
SRR35422870	3494441442	3c2ceb208c022b3166229ac18aa95b3b	https://sra-pub-run-odp.s3.amazonaws.com/sra/SRR35422870/SRR35422870
SRR35422871	4708153682	a672a1eda635b38ecbaac8a54287d2e4	https://sra-pub-run-odp.s3.amazonaws.com/sra/SRR35422871/SRR35422871
SRR35422872	3971161946	088c77b5b258614ef783f78be5afeb6c	https://sra-pub-run-odp.s3.amazonaws.com/sra/SRR35422872/SRR35422872
SRR35422873	3970176597	35991a91b506a66df80a2d0b8d322302	https://sra-pub-run-odp.s3.amazonaws.com/sra/SRR35422873/SRR35422873
SRR35422874	3649509568	59b9db8343e792d75b22ef8f0902e54b	https://sra-pub-run-odp.s3.amazonaws.com/sra/SRR35422874/SRR35422874
SRR35422875	3988112675	9622bfead86b9b08da40fbdd53d023ec	https://sra-pub-run-odp.s3.amazonaws.com/sra/SRR35422875/SRR35422875
SRR35422876	3998627427	6bbe974fa0d37f76f45598beac9561e9	https://sra-pub-run-odp.s3.amazonaws.com/sra/SRR35422876/SRR35422876
SRR35422877	4155042085	d79b233b49b4669dc2232cf2ae088623	https://sra-pub-run-odp.s3.amazonaws.com/sra/SRR35422877/SRR35422877
SRR35422878	3603221203	3c0c14083e323da480b49df9081ec398	https://sra-pub-run-odp.s3.amazonaws.com/sra/SRR35422878/SRR35422878
SRR35422879	3801437657	cd7946e456b81a396c5164a475c30aad	https://sra-pub-run-odp.s3.amazonaws.com/sra/SRR35422879/SRR35422879
SRR35422880	4048448024	59f8b88cbb8f8433470707d5e9d739d7	https://sra-pub-run-odp.s3.amazonaws.com/sra/SRR35422880/SRR35422880
SRR35422881	4135889445	be980ddfc6a15eeccf301ee7be830ec2	https://sra-pub-run-odp.s3.amazonaws.com/sra/SRR35422881/SRR35422881
SRR35422882	4023594278	4c36a00a2ae36f5faf3f04f3a14f0841	https://sra-pub-run-odp.s3.amazonaws.com/sra/SRR35422882/SRR35422882
SRR35422883	3656956251	004520cbafc77b6409708d7caf42b7de	https://sra-pub-run-odp.s3.amazonaws.com/sra/SRR35422883/SRR35422883
SRR35422884	3829527552	a39a7bc069b19af58f3905d36e08c8e8	https://sra-pub-run-odp.s3.amazonaws.com/sra/SRR35422884/SRR35422884
SRR35422885	3135751010	760747d8b21905ed2bf246c4e4f64227	https://sra-pub-run-odp.s3.amazonaws.com/sra/SRR35422885/SRR35422885
SRR35422886	4327384825	d81197e66480b70b6bf940877a5599be	https://sra-pub-run-odp.s3.amazonaws.com/sra/SRR35422886/SRR35422886
SRR35422887	3582054279	61303a681ed27d1d071ce87d3a222aa0	https://sra-pub-run-odp.s3.amazonaws.com/sra/SRR35422887/SRR35422887
SRR35422888	3330987106	76fab47efc9a51441bbe5b6463e4db8a	https://sra-pub-run-odp.s3.amazonaws.com/sra/SRR35422888/SRR35422888
SRR35422889	3603207743	0019d4b395213cd90c399db9265602c6	https://sra-pub-run-odp.s3.amazonaws.com/sra/SRR35422889/SRR35422889
SRR35422890	3712401304	875c188cf0eb9c1949bed8a5ac28be1e	https://sra-pub-run-odp.s3.amazonaws.com/sra/SRR35422890/SRR35422890
SRR35422891	3561226596	48dc97b70f210ec575790363c1e4361f	https://sra-pub-run-odp.s3.amazonaws.com/sra/SRR35422891/SRR35422891
SRR35422892	3956082319	2e41e05641cdc178766177b7fc35ad18	https://sra-pub-run-odp.s3.amazonaws.com/sra/SRR35422892/SRR35422892
SRR35422893	3910115387	da8a6b90f46bc0930d58c3804d849700	https://sra-pub-run-odp.s3.amazonaws.com/sra/SRR35422893/SRR35422893
SRR35422894	4274460637	0a0544454b613ed79c33199d208425f0	https://sra-pub-run-odp.s3.amazonaws.com/sra/SRR35422894/SRR35422894
SRR35422895	3974690437	4b66dd8d0c6af24110ddc95ce37df2ca	https://sra-pub-run-odp.s3.amazonaws.com/sra/SRR35422895/SRR35422895
SRR35422896	3912731495	08304d179e86e4696464df347d0064a1	https://sra-pub-run-odp.s3.amazonaws.com/sra/SRR35422896/SRR35422896
SRR35422897	4129544997	965512692ab81441d8362fbfe7b7e8cb	https://sra-pub-run-odp.s3.amazonaws.com/sra/SRR35422897/SRR35422897
SRR35422898	3149723945	baeb17cec5d278c5ff5c7d9943cbc5fb	https://sra-pub-run-odp.s3.amazonaws.com/sra/SRR35422898/SRR35422898
SRR35422899	3628789068	b686d6d3e4eb28fb5003f955bf3bc953	https://sra-pub-run-odp.s3.amazonaws.com/sra/SRR35422899/SRR35422899
SRR35422900	4032415940	a90186498de674e967bcc64d5fafaab2	https://sra-pub-run-odp.s3.amazonaws.com/sra/SRR35422900/SRR35422900
SRR35422901	4550136078	82df545f5001e46fe203794d0c49c4a1	https://sra-pub-run-odp.s3.amazonaws.com/sra/SRR35422901/SRR35422901
SRR35422902	3769762035	228ed5088484bbe5fdb8d2aae5b26ff4	https://sra-pub-run-odp.s3.amazonaws.com/sra/SRR35422902/SRR35422902
SRR35422903	3852860459	afc20d35d84542049025fd98ee9e9d38	https://sra-pub-run-odp.s3.amazonaws.com/sra/SRR35422903/SRR35422903
SRR35422904	4433350995	33cf6db2d089b4a7a3b5e7676d64c7be	https://sra-pub-run-odp.s3.amazonaws.com/sra/SRR35422904/SRR35422904
SRR35422905	3478976313	d2b032c0c51925f212d2a111752f96f4	https://sra-pub-run-odp.s3.amazonaws.com/sra/SRR35422905/SRR35422905
SRR35422906	3061818627	084f2a1513b0fe1eb0c66976d5bb5666	https://sra-pub-run-odp.s3.amazonaws.com/sra/SRR35422906/SRR35422906
SRR35422907	3468457553	d8b5d38814080a795c5e2dacbc0730f7	https://sra-pub-run-odp.s3.amazonaws.com/sra/SRR35422907/SRR35422907
