study_id	condition	replicate	stage	run_accession	experiment_accession	library_name	layout	read_length_bp	read_count	base_count	fastq_1	fastq_2	fastq_1_bytes	fastq_2_bytes	fastq_1_md5	fastq_2_md5	assignment_evidence
CGIG_LARVAL_OA_TEMP_RNASEQ_PRJNA298285	control	trochophore_A	trochophore	SRR2601701	SRX1331730	C3758_Trc_ambiA	paired	101	32125507	6489352414	https://ftp.sra.ebi.ac.uk/vol1/fastq/SRR260/001/SRR2601701/SRR2601701_1.fastq.gz	https://ftp.sra.ebi.ac.uk/vol1/fastq/SRR260/001/SRR2601701/SRR2601701_2.fastq.gz	2523689125	2336163293	3cc45b91e45e8a4a0a1fd43d5f0bd904	6bb325204d9cfa01e5cd222cb062f590	ENA sample alias=C.gigas_trochophore_control; library=C3758_Trc_ambiA; NCBI BioSample SAMN10261163 pH 8.1, 20 °C, dev_stage=Trochophore, age=14 hours
CGIG_LARVAL_OA_TEMP_RNASEQ_PRJNA298285	control	trochophore_B	trochophore	SRR2601703	SRX1331732	C3760_Trc_ambiB	paired	101	23598322	4766861044	https://ftp.sra.ebi.ac.uk/vol1/fastq/SRR260/003/SRR2601703/SRR2601703_1.fastq.gz	https://ftp.sra.ebi.ac.uk/vol1/fastq/SRR260/003/SRR2601703/SRR2601703_2.fastq.gz	1853047243	1733323425	5bcb122c02b85ec54845f205b4be2a71	4720314c05e7fa69eb2f4c5d2721697f	ENA sample alias=C.gigas_trochophore_control; library=C3760_Trc_ambiB; NCBI BioSample SAMN10261163 pH 8.1, 20 °C, dev_stage=Trochophore, age=14 hours
CGIG_LARVAL_OA_TEMP_RNASEQ_PRJNA298285	control	early_veliger_A	early_veliger	SRR2601698	SRX1331728	C3756_Vg1_ambiA	paired	101	24717895	4993014790	https://ftp.sra.ebi.ac.uk/vol1/fastq/SRR260/008/SRR2601698/SRR2601698_1.fastq.gz	https://ftp.sra.ebi.ac.uk/vol1/fastq/SRR260/008/SRR2601698/SRR2601698_2.fastq.gz	2060643344	1934305826	aa646c2ec609ee09f34760f5c10bcc29	a8d09b457d2fa00b3e01f206a25f97a3	ENA sample alias=C.gigas_earlyVeliger_control; library=C3756_Vg1_ambiA; NCBI BioSample SAMN10261167 pH 8.1, 20 °C, dev_stage=Veliger, age=24 hours
CGIG_LARVAL_OA_TEMP_RNASEQ_PRJNA298285	control	early_veliger_B	early_veliger	SRR2601707	SRX1331736	C3764_Vg1_ambiB	paired	101	20987795	4239534590	https://ftp.sra.ebi.ac.uk/vol1/fastq/SRR260/007/SRR2601707/SRR2601707_1.fastq.gz	https://ftp.sra.ebi.ac.uk/vol1/fastq/SRR260/007/SRR2601707/SRR2601707_2.fastq.gz	1695633329	1595109119	d9de2f838ce5487a91a30c59392ab5d3	3e62e1cd6f1b9eaa3934a0a33cfaff5a	ENA sample alias=C.gigas_earlyVeliger_control; library=C3764_Vg1_ambiB; NCBI BioSample SAMN10261167 pH 8.1, 20 °C, dev_stage=Veliger, age=24 hours
CGIG_LARVAL_OA_TEMP_RNASEQ_PRJNA298285	control	late_veliger_A	late_veliger	SRR2601666	SRX1331721	C3749_Vg2_ambiA	paired	101	25308226	5112261652	https://ftp.sra.ebi.ac.uk/vol1/fastq/SRR260/006/SRR2601666/SRR2601666_1.fastq.gz	https://ftp.sra.ebi.ac.uk/vol1/fastq/SRR260/006/SRR2601666/SRR2601666_2.fastq.gz	2075573966	1972326005	a6d43d01091cd07609d88d5defc7b627	27e9672fdaad5bd9d2025a023ced59ad	ENA sample alias=C.gigas_lateVeliger_control; library=C3749_Vg2_ambiA; NCBI BioSample SAMN10261171 pH 8.1, 20 °C, dev_stage=Veliger, age=36 hours
CGIG_LARVAL_OA_TEMP_RNASEQ_PRJNA298285	control	late_veliger_B	late_veliger	SRR2601716	SRX1331741	C3769_Vg2_ambiB	paired	101	20434173	4127702946	https://ftp.sra.ebi.ac.uk/vol1/fastq/SRR260/006/SRR2601716/SRR2601716_1.fastq.gz	https://ftp.sra.ebi.ac.uk/vol1/fastq/SRR260/006/SRR2601716/SRR2601716_2.fastq.gz	1621262333	1504979154	9ba2df43bb4eb8514d660517a46922bb	620e90dbc50c6233e4029f2a84f514ed	ENA sample alias=C.gigas_lateVeliger_control; library=C3769_Vg2_ambiB; NCBI BioSample SAMN10261171 pH 8.1, 20 °C, dev_stage=Veliger, age=36 hours
CGIG_LARVAL_OA_TEMP_RNASEQ_PRJNA298285	acidified	trochophore_A	trochophore	SRR2601689	SRX1331722	C3750_Trc_acidA	paired	101	26278864	5308330528	https://ftp.sra.ebi.ac.uk/vol1/fastq/SRR260/009/SRR2601689/SRR2601689_1.fastq.gz	https://ftp.sra.ebi.ac.uk/vol1/fastq/SRR260/009/SRR2601689/SRR2601689_2.fastq.gz	2068208681	1947390132	31f285b950ff7cd831f2b58f777e1f93	6874eec3211a9e92889bf47482d6c6ef	ENA sample alias=C.gigas_trochophore_acidified; library=C3750_Trc_acidA; NCBI BioSample SAMN10261164 pH 7.9, 20 °C, dev_stage=Trochophore, age=14 hours
CGIG_LARVAL_OA_TEMP_RNASEQ_PRJNA298285	acidified	trochophore_B	trochophore	SRR2601706	SRX1331735	C3763_Trc_acidB	paired	101	24241308	4896744216	https://ftp.sra.ebi.ac.uk/vol1/fastq/SRR260/006/SRR2601706/SRR2601706_1.fastq.gz	https://ftp.sra.ebi.ac.uk/vol1/fastq/SRR260/006/SRR2601706/SRR2601706_2.fastq.gz	1865630589	1737044509	9159573388383ef7ca839de8e5d62ee6	636a3d374354380b45a716271e3067b9	ENA sample alias=C.gigas_trochophore_acidified; library=C3763_Trc_acidB; NCBI BioSample SAMN10261164 pH 7.9, 20 °C, dev_stage=Trochophore, age=14 hours
CGIG_LARVAL_OA_TEMP_RNASEQ_PRJNA298285	acidified	early_veliger_A	early_veliger	SRR2601694	SRX1331725	C3753_Vg1_acidA	paired	101	19816181	4002868562	https://ftp.sra.ebi.ac.uk/vol1/fastq/SRR260/004/SRR2601694/SRR2601694_1.fastq.gz	https://ftp.sra.ebi.ac.uk/vol1/fastq/SRR260/004/SRR2601694/SRR2601694_2.fastq.gz	1639667811	1535960684	5db94e1a441af77881d20f02dbd07c46	b39f1b3f174b7c0ff378da94060dc06e	ENA sample alias=C.gigas_earlyVeliger_acidified; library=C3753_Vg1_acidA; NCBI BioSample SAMN10261168 pH 7.9, 20 °C, dev_stage=Veliger, age=24 hours
CGIG_LARVAL_OA_TEMP_RNASEQ_PRJNA298285	acidified	early_veliger_B	early_veliger	SRR2601704	SRX1331733	C3761_Vg1_acidB	paired	101	23014555	4648940110	https://ftp.sra.ebi.ac.uk/vol1/fastq/SRR260/004/SRR2601704/SRR2601704_1.fastq.gz	https://ftp.sra.ebi.ac.uk/vol1/fastq/SRR260/004/SRR2601704/SRR2601704_2.fastq.gz	1879211869	1771541198	0daf4371576df773b82502207ec0fc67	f305b30f9292abe922cfbe7dac8ee80a	ENA sample alias=C.gigas_earlyVeliger_acidified; library=C3761_Vg1_acidB; NCBI BioSample SAMN10261168 pH 7.9, 20 °C, dev_stage=Veliger, age=24 hours
CGIG_LARVAL_OA_TEMP_RNASEQ_PRJNA298285	acidified	late_veliger_A	late_veliger	SRR2601699	SRX1331729	C3757_Vg2_acidA	paired	101	44350284	8958757368	https://ftp.sra.ebi.ac.uk/vol1/fastq/SRR260/009/SRR2601699/SRR2601699_1.fastq.gz	https://ftp.sra.ebi.ac.uk/vol1/fastq/SRR260/009/SRR2601699/SRR2601699_2.fastq.gz	3719144948	3536670953	5b33fbcbff80b0f475830986844c3777	388812ea27553f552485c9cb7d9d26d9	ENA sample alias=C.gigas_lateVeliger_acidified; library=C3757_Vg2_acidA; NCBI BioSample SAMN10261172 pH 7.9, 20 °C, dev_stage=Veliger, age=36 hours
CGIG_LARVAL_OA_TEMP_RNASEQ_PRJNA298285	acidified	late_veliger_B	late_veliger	SRR2601711	SRX1331738	C3766_Vg2_acidB	paired	101	26994456	5452880112	https://ftp.sra.ebi.ac.uk/vol1/fastq/SRR260/001/SRR2601711/SRR2601711_1.fastq.gz	https://ftp.sra.ebi.ac.uk/vol1/fastq/SRR260/001/SRR2601711/SRR2601711_2.fastq.gz	2171784844	2026948586	be2cc0d2b4d4af52579816549fd4580d	707592e747c6f954c8c0b5c6c3d6382b	ENA sample alias=C.gigas_lateVeliger_acidified; library=C3766_Vg2_acidB; NCBI BioSample SAMN10261172 pH 7.9, 20 °C, dev_stage=Veliger, age=36 hours
CGIG_LARVAL_OA_TEMP_RNASEQ_PRJNA298285	warmed	trochophore_A	trochophore	SRR2601696	SRX1331727	D5236_Trc_warmA	paired	126	26289810	6625032120	https://ftp.sra.ebi.ac.uk/vol1/fastq/SRR260/006/SRR2601696/SRR2601696_1.fastq.gz	https://ftp.sra.ebi.ac.uk/vol1/fastq/SRR260/006/SRR2601696/SRR2601696_2.fastq.gz	2300720865	2224180609	59d02533a0856c5361352b06d8f9510c	d321d325c78e4068a19191e3601ea1b1	ENA sample alias=C.gigas_trochophore_warmed; library=D5236_Trc_warmA; NCBI BioSample SAMN10261165 pH 8.1, 22 °C, dev_stage=Trochophore, age=14 hours
CGIG_LARVAL_OA_TEMP_RNASEQ_PRJNA298285	warmed	trochophore_B	trochophore	SRR2601709	SRX1331737	C3765_Trc_warmB	paired	101	22670096	4579359392	https://ftp.sra.ebi.ac.uk/vol1/fastq/SRR260/009/SRR2601709/SRR2601709_1.fastq.gz	https://ftp.sra.ebi.ac.uk/vol1/fastq/SRR260/009/SRR2601709/SRR2601709_2.fastq.gz	1849462991	1734933163	df72c147de301145e09243cac27e4bbb	b99f8ad3850c7910492f2ce4bf286716	ENA sample alias=C.gigas_trochophore_warmed; library=C3765_Trc_warmB; NCBI BioSample SAMN10261165 pH 8.1, 22 °C, dev_stage=Trochophore, age=14 hours
CGIG_LARVAL_OA_TEMP_RNASEQ_PRJNA298285	warmed	early_veliger_A	early_veliger	SRR2601571	SRX1331720	C3748_Vg1_warmA	paired	101	23956360	4839184720	https://ftp.sra.ebi.ac.uk/vol1/fastq/SRR260/001/SRR2601571/SRR2601571_1.fastq.gz	https://ftp.sra.ebi.ac.uk/vol1/fastq/SRR260/001/SRR2601571/SRR2601571_2.fastq.gz	1984733581	1882359571	e1e3230345d4056ea99f4249c511369f	22081b0fbb51b9f81ac71d06c93b870c	ENA sample alias=C.gigas_earlyVeliger_warmed; library=C3748_Vg1_warmA; NCBI BioSample SAMN10261169 pH 8.1, 22 °C, dev_stage=Veliger, age=24 hours
CGIG_LARVAL_OA_TEMP_RNASEQ_PRJNA298285	warmed	early_veliger_B	early_veliger	SRR2601718	SRX1331742	C3770_Vg1_warmB	paired	101	20588075	4158791150	https://ftp.sra.ebi.ac.uk/vol1/fastq/SRR260/008/SRR2601718/SRR2601718_1.fastq.gz	https://ftp.sra.ebi.ac.uk/vol1/fastq/SRR260/008/SRR2601718/SRR2601718_2.fastq.gz	1655662334	1545122854	96a8ff7f2880c15afb0abd6a913cfe7a	96f57f7f9278a1aa89ffda37b7a9de16	ENA sample alias=C.gigas_earlyVeliger_warmed; library=C3770_Vg1_warmB; NCBI BioSample SAMN10261169 pH 8.1, 22 °C, dev_stage=Veliger, age=24 hours
CGIG_LARVAL_OA_TEMP_RNASEQ_PRJNA298285	warmed	late_veliger_A	late_veliger	SRR2601692	SRX1331724	C3752_Vg2_warmA	paired	101	28916426	5841118052	https://ftp.sra.ebi.ac.uk/vol1/fastq/SRR260/002/SRR2601692/SRR2601692_1.fastq.gz	https://ftp.sra.ebi.ac.uk/vol1/fastq/SRR260/002/SRR2601692/SRR2601692_2.fastq.gz	2324056378	2200904480	ea4d17cc92c7534dccd1d5474fb0a6b4	ce0e74c12ac221ac5f4a768cc151fdf4	ENA sample alias=C.gigas_lateVeliger_warmed; library=C3752_Vg2_warmA; NCBI BioSample SAMN10261173 pH 8.1, 22 °C, dev_stage=Veliger, age=36 hours
CGIG_LARVAL_OA_TEMP_RNASEQ_PRJNA298285	warmed	late_veliger_B	late_veliger	SRR2601702	SRX1331731	C3759_TAGCTT_L003_R1_001.fastq.gz	paired	101	17960157	3627951714	https://ftp.sra.ebi.ac.uk/vol1/fastq/SRR260/002/SRR2601702/SRR2601702_1.fastq.gz	https://ftp.sra.ebi.ac.uk/vol1/fastq/SRR260/002/SRR2601702/SRR2601702_2.fastq.gz	1415194271	1323430605	b743d8b1240cdd74ad4b7020306d628c	8722254b7cfeb3e2ebbc8fdb30f47df9	ENA sample alias=C.gigas_lateVeliger_warmed; library=C3759_TAGCTT_L003_R1_001.fastq.gz (library name is a file name; replicate B inferred because the other late-veliger warmed library is C3752_Vg2_warmA); NCBI BioSample SAMN10261173 pH 8.1, 22 °C, dev_stage=Veliger, age=36 hours
CGIG_LARVAL_OA_TEMP_RNASEQ_PRJNA298285	acidified_warmed	trochophore_A	trochophore	SRR2601482	SRX1331719	C3747_Trc_intrA	paired	101	29047542	5867603484	https://ftp.sra.ebi.ac.uk/vol1/fastq/SRR260/002/SRR2601482/SRR2601482_1.fastq.gz	https://ftp.sra.ebi.ac.uk/vol1/fastq/SRR260/002/SRR2601482/SRR2601482_2.fastq.gz	2303567586	2176958118	1080a6dca8c9880ad5bb99d0d87d0359	9da933de902ca4c4b570198b4033aa30	ENA sample alias=C.gigas_trochophore_interaction; library=C3747_Trc_intrA; NCBI BioSample SAMN10261166 pH 7.9, 22 °C, dev_stage=Trochophore, age=14 hours
CGIG_LARVAL_OA_TEMP_RNASEQ_PRJNA298285	acidified_warmed	trochophore_B	trochophore	SRR2601714	SRX1331740	C3768_Trc_intrB	paired	101	18970402	3832021204	https://ftp.sra.ebi.ac.uk/vol1/fastq/SRR260/004/SRR2601714/SRR2601714_1.fastq.gz	https://ftp.sra.ebi.ac.uk/vol1/fastq/SRR260/004/SRR2601714/SRR2601714_2.fastq.gz	1484393993	1381796732	7effeb08cf06df79e27fb68b36f73bfd	f880f328ab2e2807edeab9e8202f001c	ENA sample alias=C.gigas_trochophore_interaction; library=C3768_Trc_intrB; NCBI BioSample SAMN10261166 pH 7.9, 22 °C, dev_stage=Trochophore, age=14 hours
CGIG_LARVAL_OA_TEMP_RNASEQ_PRJNA298285	acidified_warmed	early_veliger_A	early_veliger	SRR2601690	SRX1331723	C3751_Vg1_intrA	paired	101	28171068	5690555736	https://ftp.sra.ebi.ac.uk/vol1/fastq/SRR260/000/SRR2601690/SRR2601690_1.fastq.gz	https://ftp.sra.ebi.ac.uk/vol1/fastq/SRR260/000/SRR2601690/SRR2601690_2.fastq.gz	2307783630	2186831397	9ac028933c8094a7c49358412e4ae70f	bda9f7ed26485685a01e5ff61b427dd4	ENA sample alias=C.gigas_earlyVeliger_interaction; library=C3751_Vg1_intrA; NCBI BioSample SAMN10261170 pH 7.9, 22 °C, dev_stage=Veliger, age=24 hours
CGIG_LARVAL_OA_TEMP_RNASEQ_PRJNA298285	acidified_warmed	early_veliger_B	early_veliger	SRR2601712	SRX1331739	C3767_Vg1_intrB	paired	101	21895764	4422944328	https://ftp.sra.ebi.ac.uk/vol1/fastq/SRR260/002/SRR2601712/SRR2601712_1.fastq.gz	https://ftp.sra.ebi.ac.uk/vol1/fastq/SRR260/002/SRR2601712/SRR2601712_2.fastq.gz	1745351631	1623819654	8bb2a7d47912a6711ee1c900efbeb355	44940d3e3dbc1054289e7f0ff23e4bc1	ENA sample alias=C.gigas_earlyVeliger_interaction; library=C3767_Vg1_intrB; NCBI BioSample SAMN10261170 pH 7.9, 22 °C, dev_stage=Veliger, age=24 hours
CGIG_LARVAL_OA_TEMP_RNASEQ_PRJNA298285	acidified_warmed	late_veliger_A	late_veliger	SRR2601695	SRX1331726	C3754_Vg2_intrA	paired	101	27868717	5629480834	https://ftp.sra.ebi.ac.uk/vol1/fastq/SRR260/005/SRR2601695/SRR2601695_1.fastq.gz	https://ftp.sra.ebi.ac.uk/vol1/fastq/SRR260/005/SRR2601695/SRR2601695_2.fastq.gz	2255183985	2103174225	be4303282b11f98bd90f11244f3042f3	ab7a3389f9ac825df4ab0341f202fefa	ENA sample alias=C.gigas_lateVeliger_interaction; library=C3754_Vg2_intrA; NCBI BioSample SAMN10261174 pH 7.9, 22 °C, dev_stage=Veliger, age=36 hours
CGIG_LARVAL_OA_TEMP_RNASEQ_PRJNA298285	acidified_warmed	late_veliger_B	late_veliger	SRR2601705	SRX1331734	C3762_Vg2_intrB	paired	101	19900975	4019996950	https://ftp.sra.ebi.ac.uk/vol1/fastq/SRR260/005/SRR2601705/SRR2601705_1.fastq.gz	https://ftp.sra.ebi.ac.uk/vol1/fastq/SRR260/005/SRR2601705/SRR2601705_2.fastq.gz	1565799728	1462864612	e03e777c202a7f36046e9b4e29071734	7203303b8c30a65dd9cb41c5b0f3c519	ENA sample alias=C.gigas_lateVeliger_interaction; library=C3762_Vg2_intrB; NCBI BioSample SAMN10261174 pH 7.9, 22 °C, dev_stage=Veliger, age=36 hours
