study_id	condition	replicate	stage	generation	f0_group	run_accession	experiment_accession	library_name	layout	read_length_bp	read_count	base_count	fastq_1	fastq_2	fastq_1_bytes	fastq_2_bytes	fastq_1_md5	fastq_2_md5	assignment_evidence
CGIG_PESTO_RNASEQ_PRJEB58194	f0_control	d_larva_1A	d_larva	F0	f0_group1	ERR10659108	ERX10128252	ROSS01_X74	paired	143	32880398	9385297633							ENA sample title=BT1Ad (F0; BT = control or exposed, group 1, replicate A, d_larva); ENA sample SAMEA112225090; spots and bases from NCBI SRA
CGIG_PESTO_RNASEQ_PRJEB58194	f0_control	d_larva_1D	d_larva	F0	f0_group1	ERR10659107	ERX10128251	ROSS01_X73	paired	146	5674104	1659452506							ENA sample title=BT1Dd (F0; BT = control or exposed, group 1, replicate D, d_larva); ENA sample SAMEA112225089; spots and bases from NCBI SRA
CGIG_PESTO_RNASEQ_PRJEB58194	f0_control	d_larva_1F	d_larva	F0	f0_group1	ERR10659109	ERX10128253	ROSS01_X75	paired	147	18870878	5545106740							ENA sample title=BT1Fd (F0; BT = control or exposed, group 1, replicate F, d_larva); ENA sample SAMEA112225091; spots and bases from NCBI SRA
CGIG_PESTO_RNASEQ_PRJEB58194	f0_control	d_larva_2D	d_larva	F0	f0_group2	ERR10659084	ERX10128228	ROSS01_X1	paired	145	26478107	7670742193							ENA sample title=BT2Dd (F0; BT = control or exposed, group 2, replicate D, d_larva); ENA sample SAMEA112225066; spots and bases from NCBI SRA
CGIG_PESTO_RNASEQ_PRJEB58194	f0_control	d_larva_2E_ERR10659105	d_larva	F0	f0_group2	ERR10659105	ERX10128249	ROSS01_X70	paired	140	18782769	5264646314							ENA sample title=BT2Ed (F0; BT = control or exposed, group 2, replicate E, d_larva); this sample title is shared by two runs, so the run accession is appended to the replicate; ENA sample SAMEA112225087; spots and bases from NCBI SRA
CGIG_PESTO_RNASEQ_PRJEB58194	f0_control	d_larva_2E_ERR10659106	d_larva	F0	f0_group2	ERR10659106	ERX10128250	ROSS01_X72	paired	147	25927262	7615889978							ENA sample title=BT2Ed (F0; BT = control or exposed, group 2, replicate E, d_larva); this sample title is shared by two runs, so the run accession is appended to the replicate; ENA sample SAMEA112225088; spots and bases from NCBI SRA
CGIG_PESTO_RNASEQ_PRJEB58194	f0_control	d_larva_3B	d_larva	F0	f0_group3	ERR10659102	ERX10128246	ROSS01_X60	paired	146	23842481	6971919378							ENA sample title=BT3Bd (F0; BT = control or exposed, group 3, replicate B, d_larva); ENA sample SAMEA112225084; spots and bases from NCBI SRA
CGIG_PESTO_RNASEQ_PRJEB58194	f0_control	d_larva_3E	d_larva	F0	f0_group3	ERR10659101	ERX10128245	ROSS01_X59	paired	144	9754437	2816954584							ENA sample title=BT3Ed (F0; BT = control or exposed, group 3, replicate E, d_larva); ENA sample SAMEA112225083; spots and bases from NCBI SRA
CGIG_PESTO_RNASEQ_PRJEB58194	f0_control	d_larva_3F	d_larva	F0	f0_group3	ERR10659103	ERX10128247	ROSS01_X61	paired	142	22255370	6335516712							ENA sample title=BT3Fd (F0; BT = control or exposed, group 3, replicate F, d_larva); ENA sample SAMEA112225085; spots and bases from NCBI SRA
CGIG_PESTO_RNASEQ_PRJEB58194	f0_control	gastrula_1A	gastrula	F0	f0_group1	ERR10659128	ERX10128272	ROSS01_X112	paired	145	32342781	9410987661							ENA sample title=BT1Ag (F0; BT = control or exposed, group 1, replicate A, gastrula); ENA sample SAMEA112225110; spots and bases from NCBI SRA
CGIG_PESTO_RNASEQ_PRJEB58194	f0_control	gastrula_1C	gastrula	F0	f0_group1	ERR10659095	ERX10128239	ROSS01_X28	paired	143	35062047	10002754482							ENA sample title=BT1Cg (F0; BT = control or exposed, group 1, replicate C, gastrula); ENA sample SAMEA112225077; spots and bases from NCBI SRA
CGIG_PESTO_RNASEQ_PRJEB58194	f0_control	gastrula_1E	gastrula	F0	f0_group1	ERR10659099	ERX10128243	ROSS01_X44	paired	142	21696556	6179662770							ENA sample title=BT1Eg (F0; BT = control or exposed, group 1, replicate E, gastrula); ENA sample SAMEA112225081; spots and bases from NCBI SRA
CGIG_PESTO_RNASEQ_PRJEB58194	f0_control	gastrula_2A	gastrula	F0	f0_group2	ERR10659097	ERX10128241	ROSS01_X42	paired	142	31796043	9046463075							ENA sample title=BT2Ag (F0; BT = control or exposed, group 2, replicate A, gastrula); ENA sample SAMEA112225079; spots and bases from NCBI SRA
CGIG_PESTO_RNASEQ_PRJEB58194	f0_control	gastrula_2B	gastrula	F0	f0_group2	ERR10659098	ERX10128242	ROSS01_X43	paired	142	22526243	6379630315							ENA sample title=BT2Bg (F0; BT = control or exposed, group 2, replicate B, gastrula); ENA sample SAMEA112225080; spots and bases from NCBI SRA
CGIG_PESTO_RNASEQ_PRJEB58194	f0_control	gastrula_2D	gastrula	F0	f0_group2	ERR10659127	ERX10128271	ROSS01_X110	paired	146	36182881	10592080546							ENA sample title=BT2Dg (F0; BT = control or exposed, group 2, replicate D, gastrula); ENA sample SAMEA112225109; spots and bases from NCBI SRA
CGIG_PESTO_RNASEQ_PRJEB58194	f0_control	gastrula_3C	gastrula	F0	f0_group3	ERR10659096	ERX10128240	ROSS01_X36	paired	142	33582953	9569766061							ENA sample title=BT3Cg (F0; BT = control or exposed, group 3, replicate C, gastrula); ENA sample SAMEA112225078; spots and bases from NCBI SRA
CGIG_PESTO_RNASEQ_PRJEB58194	f0_control	gastrula_3E	gastrula	F0	f0_group3	ERR10659129	ERX10128273	ROSS01_X113	paired	146	30871954	8995979480							ENA sample title=BT3Eg (F0; BT = control or exposed, group 3, replicate E, gastrula); ENA sample SAMEA112225111; spots and bases from NCBI SRA
CGIG_PESTO_RNASEQ_PRJEB58194	f0_control	gastrula_3F	gastrula	F0	f0_group3	ERR10659093	ERX10128237	ROSS01_X26	paired	144	44085796	12653628858							ENA sample title=BT3Fg (F0; BT = control or exposed, group 3, replicate F, gastrula); ENA sample SAMEA112225075; spots and bases from NCBI SRA
CGIG_PESTO_RNASEQ_PRJEB58194	f0_exposed	d_larva_1A	d_larva	F0	f0_group1	ERR10659122	ERX10128266	ROSS01_X100	paired	145	32215773	9343586798							ENA sample title=BE1Ad (F0; BE = control or exposed, group 1, replicate A, d_larva); ENA sample SAMEA112225104; spots and bases from NCBI SRA
CGIG_PESTO_RNASEQ_PRJEB58194	f0_exposed	d_larva_1D	d_larva	F0	f0_group1	ERR10659123	ERX10128267	ROSS01_X101	paired	145	38376864	11097770312							ENA sample title=BE1Dd (F0; BE = control or exposed, group 1, replicate D, d_larva); ENA sample SAMEA112225105; spots and bases from NCBI SRA
CGIG_PESTO_RNASEQ_PRJEB58194	f0_exposed	d_larva_1F	d_larva	F0	f0_group1	ERR10659100	ERX10128244	ROSS01_X53	paired	145	22511343	6534694827							ENA sample title=BE1Fd (F0; BE = control or exposed, group 1, replicate F, d_larva); ENA sample SAMEA112225082; spots and bases from NCBI SRA
CGIG_PESTO_RNASEQ_PRJEB58194	f0_exposed	d_larva_2A	d_larva	F0	f0_group2	ERR10659104	ERX10128248	ROSS01_X63	paired	142	28507253	8069779863							ENA sample title=BE2Ad (F0; BE = control or exposed, group 2, replicate A, d_larva); ENA sample SAMEA112225086; spots and bases from NCBI SRA
CGIG_PESTO_RNASEQ_PRJEB58194	f0_exposed	d_larva_2C	d_larva	F0	f0_group2	ERR10659126	ERX10128270	ROSS01_X108	paired	145	21775912	6325437165							ENA sample title=BE2Cd (F0; BE = control or exposed, group 2, replicate C, d_larva); ENA sample SAMEA112225108; spots and bases from NCBI SRA
CGIG_PESTO_RNASEQ_PRJEB58194	f0_exposed	d_larva_2E	d_larva	F0	f0_group2	ERR10659131	ERX10128275	ROSS01_X118	paired	144	27807217	8004527884							ENA sample title=BE2Ed (F0; BE = control or exposed, group 2, replicate E, d_larva); ENA sample SAMEA112225113; spots and bases from NCBI SRA
CGIG_PESTO_RNASEQ_PRJEB58194	f0_exposed	d_larva_3A	d_larva	F0	f0_group3	ERR10659125	ERX10128269	ROSS01_X105	paired	146	42824126	12532840795							ENA sample title=BE3Ad (F0; BE = control or exposed, group 3, replicate A, d_larva); ENA sample SAMEA112225107; spots and bases from NCBI SRA
CGIG_PESTO_RNASEQ_PRJEB58194	f0_exposed	d_larva_3C	d_larva	F0	f0_group3	ERR10659124	ERX10128268	ROSS01_X102	paired	138	14896593	4119954038							ENA sample title=BE3Cd (F0; BE = control or exposed, group 3, replicate C, d_larva); ENA sample SAMEA112225106; spots and bases from NCBI SRA
CGIG_PESTO_RNASEQ_PRJEB58194	f0_exposed	d_larva_3F	d_larva	F0	f0_group3	ERR10659130	ERX10128274	ROSS01_X114	paired	145	31098315	9013454062							ENA sample title=BE3Fd (F0; BE = control or exposed, group 3, replicate F, d_larva); ENA sample SAMEA112225112; spots and bases from NCBI SRA
CGIG_PESTO_RNASEQ_PRJEB58194	f0_exposed	gastrula_1B	gastrula	F0	f0_group1	ERR10659090	ERX10128234	ROSS01_X20	paired	147	32893117	9648591737							ENA sample title=BE1Bg (F0; BE = control or exposed, group 1, replicate B, gastrula); ENA sample SAMEA112225072; spots and bases from NCBI SRA
CGIG_PESTO_RNASEQ_PRJEB58194	f0_exposed	gastrula_1C	gastrula	F0	f0_group1	ERR10659087	ERX10128231	ROSS01_X12	paired	143	34717039	9903414652							ENA sample title=BE1Cg (F0; BE = control or exposed, group 1, replicate C, gastrula); ENA sample SAMEA112225069; spots and bases from NCBI SRA
CGIG_PESTO_RNASEQ_PRJEB58194	f0_exposed	gastrula_1D	gastrula	F0	f0_group1	ERR10659092	ERX10128236	ROSS01_X25	paired	147	72013563	21101371132							ENA sample title=BE1Dg (F0; BE = control or exposed, group 1, replicate D, gastrula); ENA sample SAMEA112225074; spots and bases from NCBI SRA
CGIG_PESTO_RNASEQ_PRJEB58194	f0_exposed	gastrula_2C	gastrula	F0	f0_group2	ERR10659085	ERX10128229	ROSS01_X10	paired	146	29920676	8747400787							ENA sample title=BE2Cg (F0; BE = control or exposed, group 2, replicate C, gastrula); ENA sample SAMEA112225067; spots and bases from NCBI SRA
CGIG_PESTO_RNASEQ_PRJEB58194	f0_exposed	gastrula_2D	gastrula	F0	f0_group2	ERR10659094	ERX10128238	ROSS01_X27	paired	142	28308843	8061511181							ENA sample title=BE2Dg (F0; BE = control or exposed, group 2, replicate D, gastrula); ENA sample SAMEA112225076; spots and bases from NCBI SRA
CGIG_PESTO_RNASEQ_PRJEB58194	f0_exposed	gastrula_2E	gastrula	F0	f0_group2	ERR10659091	ERX10128235	ROSS01_X22	paired	147	35672885	10468175517							ENA sample title=BE2Eg (F0; BE = control or exposed, group 2, replicate E, gastrula); ENA sample SAMEA112225073; spots and bases from NCBI SRA
CGIG_PESTO_RNASEQ_PRJEB58194	f0_exposed	gastrula_3C	gastrula	F0	f0_group3	ERR10659086	ERX10128230	ROSS01_X11	paired	146	28442664	8297543365							ENA sample title=BE3Cg (F0; BE = control or exposed, group 3, replicate C, gastrula); ENA sample SAMEA112225068; spots and bases from NCBI SRA
CGIG_PESTO_RNASEQ_PRJEB58194	f0_exposed	gastrula_3E	gastrula	F0	f0_group3	ERR10659088	ERX10128232	ROSS01_X15	paired	143	28367543	8101967817							ENA sample title=BE3Eg (F0; BE = control or exposed, group 3, replicate E, gastrula); ENA sample SAMEA112225070; spots and bases from NCBI SRA
CGIG_PESTO_RNASEQ_PRJEB58194	f0_exposed	gastrula_3F	gastrula	F0	f0_group3	ERR10659089	ERX10128233	ROSS01_X16	paired	142	37168340	10589428390							ENA sample title=BE3Fg (F0; BE = control or exposed, group 3, replicate F, gastrula); ENA sample SAMEA112225071; spots and bases from NCBI SRA
CGIG_PESTO_RNASEQ_PRJEB58194	f1_TT	gastrula_1	gastrula	F1	f1	ERR12311759	ERX11688700	NS.1968.004.UDP0359_i7---UDP0359_i5.X6	paired	101	79948908	16149679416							ENA sample title=Gastrula_RNA_F1_TT library=NS.1968.004.UDP0359_i7---UDP0359_i5.X6 (F1; parent/offspring exposure TT; replicate numbered by library order); ENA sample SAMEA114659065; spots and bases from NCBI SRA
CGIG_PESTO_RNASEQ_PRJEB58194	f1_TT	gastrula_2	gastrula	F1	f1	ERR12311760	ERX11688701	NS.1968.004.UDP0360_i7---UDP0360_i5.X7	paired	101	66646644	13462622088							ENA sample title=Gastrula_RNA_F1_TT library=NS.1968.004.UDP0360_i7---UDP0360_i5.X7 (F1; parent/offspring exposure TT; replicate numbered by library order); ENA sample SAMEA114659066; spots and bases from NCBI SRA
CGIG_PESTO_RNASEQ_PRJEB58194	f1_TT	gastrula_3	gastrula	F1	f1	ERR12311779	ERX11688720	NS.1968.004.UDP0379_i7---UDP0379_i5.X37	paired	101	82282921	16621150042							ENA sample title=Gastrula_RNA_F1_TT library=NS.1968.004.UDP0379_i7---UDP0379_i5.X37 (F1; parent/offspring exposure TT; replicate numbered by library order); ENA sample SAMEA114659085; spots and bases from NCBI SRA
CGIG_PESTO_RNASEQ_PRJEB58194	f1_TT	pediveliger_1	pediveliger	F1	f1	ERR12311769	ERX11688710	NS.1968.004.UDP0369_i7---UDP0369_i5.X25	paired	101	66418153	13416466906							ENA sample title=Metamorphosis_RNA_F1_TT library=NS.1968.004.UDP0369_i7---UDP0369_i5.X25 (F1; parent/offspring exposure TT; replicate numbered by library order); ENA sample SAMEA114659075; spots and bases from NCBI SRA
CGIG_PESTO_RNASEQ_PRJEB58194	f1_TT	pediveliger_2	pediveliger	F1	f1	ERR12311776	ERX11688717	NS.1968.004.UDP0376_i7---UDP0376_i5.X33	paired	101	77244116	15603311432							ENA sample title=Metamorphosis_RNA_F1_TT library=NS.1968.004.UDP0376_i7---UDP0376_i5.X33 (F1; parent/offspring exposure TT; replicate numbered by library order); ENA sample SAMEA114659082; spots and bases from NCBI SRA
CGIG_PESTO_RNASEQ_PRJEB58194	f1_TT	pediveliger_3	pediveliger	F1	f1	ERR12311782	ERX11688723	NS.1968.004.UDP0382_i7---UDP0382_i5.X42	paired	101	82958387	16757594174							ENA sample title=Metamorphosis_RNA_F1_TT library=NS.1968.004.UDP0382_i7---UDP0382_i5.X42 (F1; parent/offspring exposure TT; replicate numbered by library order); ENA sample SAMEA114659088; spots and bases from NCBI SRA
CGIG_PESTO_RNASEQ_PRJEB58194	f1_TE	gastrula_1	gastrula	F1	f1	ERR12311763	ERX11688704	NS.1968.004.UDP0363_i7---UDP0363_i5.X12	paired	101	73808244	14909265288							ENA sample title=Gastrula_RNA_F1_TE library=NS.1968.004.UDP0363_i7---UDP0363_i5.X12 (F1; parent/offspring exposure TE; replicate numbered by library order); ENA sample SAMEA114659069; spots and bases from NCBI SRA
CGIG_PESTO_RNASEQ_PRJEB58194	f1_TE	gastrula_2	gastrula	F1	f1	ERR12311765	ERX11688706	NS.1968.004.UDP0365_i7---UDP0365_i5.X17	paired	101	96226439	19437740678							ENA sample title=Gastrula_RNA_F1_TE library=NS.1968.004.UDP0365_i7---UDP0365_i5.X17 (F1; parent/offspring exposure TE; replicate numbered by library order); ENA sample SAMEA114659071; spots and bases from NCBI SRA
CGIG_PESTO_RNASEQ_PRJEB58194	f1_TE	gastrula_3	gastrula	F1	f1	ERR12311768	ERX11688709	NS.1968.004.UDP0368_i7---UDP0368_i5.X22	paired	101	68794518	13896492636							ENA sample title=Gastrula_RNA_F1_TE library=NS.1968.004.UDP0368_i7---UDP0368_i5.X22 (F1; parent/offspring exposure TE; replicate numbered by library order); ENA sample SAMEA114659074; spots and bases from NCBI SRA
CGIG_PESTO_RNASEQ_PRJEB58194	f1_TE	pediveliger_1	pediveliger	F1	f1	ERR12311770	ERX11688711	NS.1968.004.UDP0370_i7---UDP0370_i5.X26	paired	101	73127250	14771704500							ENA sample title=Metamorphosis_RNA_F1_TE library=NS.1968.004.UDP0370_i7---UDP0370_i5.X26 (F1; parent/offspring exposure TE; replicate numbered by library order); ENA sample SAMEA114659076; spots and bases from NCBI SRA
CGIG_PESTO_RNASEQ_PRJEB58194	f1_TE	pediveliger_2	pediveliger	F1	f1	ERR12311771	ERX11688712	NS.1968.004.UDP0371_i7---UDP0371_i5.X28	paired	101	86000762	17372153924							ENA sample title=Metamorphosis_RNA_F1_TE library=NS.1968.004.UDP0371_i7---UDP0371_i5.X28 (F1; parent/offspring exposure TE; replicate numbered by library order); ENA sample SAMEA114659077; spots and bases from NCBI SRA
CGIG_PESTO_RNASEQ_PRJEB58194	f1_TE	pediveliger_3	pediveliger	F1	f1	ERR12311773	ERX11688714	NS.1968.004.UDP0373_i7---UDP0373_i5.X30	paired	101	74213772	14991181944							ENA sample title=Metamorphosis_RNA_F1_TE library=NS.1968.004.UDP0373_i7---UDP0373_i5.X30 (F1; parent/offspring exposure TE; replicate numbered by library order); ENA sample SAMEA114659079; spots and bases from NCBI SRA
CGIG_PESTO_RNASEQ_PRJEB58194	f1_ET	gastrula_1	gastrula	F1	f1	ERR12311762	ERX11688703	NS.1968.004.UDP0362_i7---UDP0362_i5.X9	paired	101	87326947	17640043294							ENA sample title=Gastrula_RNA_F1_ET library=NS.1968.004.UDP0362_i7---UDP0362_i5.X9 (F1; parent/offspring exposure ET; replicate numbered by library order); ENA sample SAMEA114659068; spots and bases from NCBI SRA
CGIG_PESTO_RNASEQ_PRJEB58194	f1_ET	gastrula_2	gastrula	F1	f1	ERR12311766	ERX11688707	NS.1968.004.UDP0366_i7---UDP0366_i5.X19	paired	101	76071473	15366437546							ENA sample title=Gastrula_RNA_F1_ET library=NS.1968.004.UDP0366_i7---UDP0366_i5.X19 (F1; parent/offspring exposure ET; replicate numbered by library order); ENA sample SAMEA114659072; spots and bases from NCBI SRA
CGIG_PESTO_RNASEQ_PRJEB58194	f1_ET	gastrula_3	gastrula	F1	f1	ERR12311767	ERX11688708	NS.1968.004.UDP0367_i7---UDP0367_i5.X21	paired	101	58631674	11843598148							ENA sample title=Gastrula_RNA_F1_ET library=NS.1968.004.UDP0367_i7---UDP0367_i5.X21 (F1; parent/offspring exposure ET; replicate numbered by library order); ENA sample SAMEA114659073; spots and bases from NCBI SRA
CGIG_PESTO_RNASEQ_PRJEB58194	f1_ET	pediveliger_1	pediveliger	F1	f1	ERR12311775	ERX11688716	NS.1968.004.UDP0375_i7---UDP0375_i5.X32	paired	101	79581727	16075508854							ENA sample title=Metamorphosis_RNA_F1_ET library=NS.1968.004.UDP0375_i7---UDP0375_i5.X32 (F1; parent/offspring exposure ET; replicate numbered by library order); ENA sample SAMEA114659081; spots and bases from NCBI SRA
CGIG_PESTO_RNASEQ_PRJEB58194	f1_ET	pediveliger_2	pediveliger	F1	f1	ERR12311778	ERX11688719	NS.1968.004.UDP0378_i7---UDP0378_i5.X36	paired	101	70089756	14158130712							ENA sample title=Metamorphosis_RNA_F1_ET library=NS.1968.004.UDP0378_i7---UDP0378_i5.X36 (F1; parent/offspring exposure ET; replicate numbered by library order); ENA sample SAMEA114659084; spots and bases from NCBI SRA
CGIG_PESTO_RNASEQ_PRJEB58194	f1_ET	pediveliger_3	pediveliger	F1	f1	ERR12311781	ERX11688722	NS.1968.004.UDP0381_i7---UDP0381_i5.X41	paired	101	95422046	19275253292							ENA sample title=Metamorphosis_RNA_F1_ET library=NS.1968.004.UDP0381_i7---UDP0381_i5.X41 (F1; parent/offspring exposure ET; replicate numbered by library order); ENA sample SAMEA114659087; spots and bases from NCBI SRA
