run_accession	sra_size	sra_md5	sra_url
SRR2601482	3741300555	c19a8d070844049a45d45dff5c64c1cc	https://sra-pub-run-odp.s3.amazonaws.com/sra/SRR2601482/SRR2601482
SRR2601571	3094464372	4850ef5c8b1182436c58d6e2f38ba99c	https://sra-pub-run-odp.s3.amazonaws.com/sra/SRR2601571/SRR2601571
SRR2601666	3266365367	3d0765c89d702b6b571d585aa9abad1e	https://sra-pub-run-odp.s3.amazonaws.com/sra/SRR2601666/SRR2601666
SRR2601689	3378088090	76dd4b48fb48b5355e420d21d4901591	https://sra-pub-run-odp.s3.amazonaws.com/sra/SRR2601689/SRR2601689
SRR2601690	3635333887	ad9ca6e05cedc9072f2d0cb1ec770a0b	https://sra-pub-run-odp.s3.amazonaws.com/sra/SRR2601690/SRR2601690
SRR2601692	3729979149	d638e87182708f11b85836505b3637ae	https://sra-pub-run-odp.s3.amazonaws.com/sra/SRR2601692/SRR2601692
SRR2601694	2543275251	375deb776d2635db8593c373d8373e9c	https://sra-pub-run-odp.s3.amazonaws.com/sra/SRR2601694/SRR2601694
SRR2601695	3581320424	96a1a68bec34c484a2311fda771cc72b	https://sra-pub-run-odp.s3.amazonaws.com/sra/SRR2601695/SRR2601695
SRR2601696	3410708042	1513a2decb8d8f80c365d396511587d6	https://sra-pub-run-odp.s3.amazonaws.com/sra/SRR2601696/SRR2601696
SRR2601698	3173408963	1fa6a6319c3a4724898ca07ac1333902	https://sra-pub-run-odp.s3.amazonaws.com/sra/SRR2601698/SRR2601698
SRR2601699	5715505546	61fe02041007c31803484a632e05008c	https://sra-pub-run-odp.s3.amazonaws.com/sra/SRR2601699/SRR2601699
SRR2601701	4092087456	5abec73b961df32cc1b0d23e9da458dc	https://sra-pub-run-odp.s3.amazonaws.com/sra/SRR2601701/SRR2601701
SRR2601702	2230483730	1c175971eb9d27ec73b33622c75316fe	https://sra-pub-run-odp.s3.amazonaws.com/sra/SRR2601702/SRR2601702
SRR2601703	2931269467	14299bb37f4fa3e60659d2c147e10cfc	https://sra-pub-run-odp.s3.amazonaws.com/sra/SRR2601703/SRR2601703
SRR2601704	2882141907	33b9d83aa39e8e823e0686a1a4d568f0	https://sra-pub-run-odp.s3.amazonaws.com/sra/SRR2601704/SRR2601704
SRR2601705	2466321989	be4ea8308f45961b9f7af51430ea4ea0	https://sra-pub-run-odp.s3.amazonaws.com/sra/SRR2601705/SRR2601705
SRR2601706	3006587548	d043ed95d5ba575b63cbb4bd1e7b4472	https://sra-pub-run-odp.s3.amazonaws.com/sra/SRR2601706/SRR2601706
SRR2601707	2614925915	8c4f64a17253720250afcb65fd1ac690	https://sra-pub-run-odp.s3.amazonaws.com/sra/SRR2601707/SRR2601707
SRR2601709	2847293455	854bb8f7c4f19d0319f71d4745201b21	https://sra-pub-run-odp.s3.amazonaws.com/sra/SRR2601709/SRR2601709
SRR2601711	3402781849	89bd177746e94eb9fae7439f2e2a3aa7	https://sra-pub-run-odp.s3.amazonaws.com/sra/SRR2601711/SRR2601711
SRR2601712	2737923546	f76927e3bc17343498735c0583c130d1	https://sra-pub-run-odp.s3.amazonaws.com/sra/SRR2601712/SRR2601712
SRR2601714	2380263306	0ae5459f777558453f0aa44abf20e910	https://sra-pub-run-odp.s3.amazonaws.com/sra/SRR2601714/SRR2601714
SRR2601716	2562256885	4de713068e0b3704ac5f2ccadb4bd633	https://sra-pub-run-odp.s3.amazonaws.com/sra/SRR2601716/SRR2601716
SRR2601718	2578248443	5e604657f45921f5e102afa4977bcc19	https://sra-pub-run-odp.s3.amazonaws.com/sra/SRR2601718/SRR2601718
