study_id	condition	replicate	run_accession	experiment_accession	library_name	layout	read_length_bp	read_count	base_count	fastq_1	fastq_2	fastq_1_bytes	fastq_2_bytes	fastq_1_md5	fastq_2_md5	assignment_evidence
CGIG_OSHV1_TEMP_RNASEQ_PRJNA593309	ctr_21C_0h	1	SRR11285570	SRX7891237	Cg_S1	paired	126	6801827	1714060404	https://ftp.sra.ebi.ac.uk/vol1/fastq/SRR112/070/SRR11285570/SRR11285570_1.fastq.gz	https://ftp.sra.ebi.ac.uk/vol1/fastq/SRR112/070/SRR11285570/SRR11285570_2.fastq.gz	385742581	485172738	88edd440a4029a6524f5a799198f2e21	2c6e28f2a04dc978cdfd6de7d986ca74	NCBI BioSample SAMN13474955 alias=Cg_CTR_21_0hpc_1; isolate=not applicable; collection_date=2019-05-19; tissue=Whole animal; temp=21
CGIG_OSHV1_TEMP_RNASEQ_PRJNA593309	ctr_21C_0h	2	SRR11285569	SRX7891238	Cg_S2	paired	126	6750828	1701208656	https://ftp.sra.ebi.ac.uk/vol1/fastq/SRR112/069/SRR11285569/SRR11285569_1.fastq.gz	https://ftp.sra.ebi.ac.uk/vol1/fastq/SRR112/069/SRR11285569/SRR11285569_2.fastq.gz	403192130	481480801	6ea6f885264172a1d17297e00edc8ff6	a824164fd4eccfab980d12edd64326ac	NCBI BioSample SAMN13474956 alias=Cg_CTR_21_0hpc_2; isolate=not applicable; collection_date=2019-05-19; tissue=Whole animal; temp=21
CGIG_OSHV1_TEMP_RNASEQ_PRJNA593309	ctr_21C_0h	3	SRR11285558	SRX7891249	Cg_S3	paired	126	8157216	2055618432	https://ftp.sra.ebi.ac.uk/vol1/fastq/SRR112/058/SRR11285558/SRR11285558_1.fastq.gz	https://ftp.sra.ebi.ac.uk/vol1/fastq/SRR112/058/SRR11285558/SRR11285558_2.fastq.gz	685941218	734478120	b16ecf25fc8e31e545f9d80710f0a9ba	b9ac34f2e1332418f676c9ebb90446e0	NCBI BioSample SAMN13474957 alias=Cg_CTR_21_0hpc_3; isolate=not applicable; collection_date=2019-05-19; tissue=Whole animal; temp=21
CGIG_OSHV1_TEMP_RNASEQ_PRJNA593309	oshv_21C_12h	1	SRR11285528	SRX7891279	Cg_S10	paired	126	8082885	2036887020	https://ftp.sra.ebi.ac.uk/vol1/fastq/SRR112/028/SRR11285528/SRR11285528_1.fastq.gz	https://ftp.sra.ebi.ac.uk/vol1/fastq/SRR112/028/SRR11285528/SRR11285528_2.fastq.gz	684365076	737142059	97c2637dfd41ed97c445f47ad2dffcd2	e7d7dcb2b85c7d0c1ecc6d602d03a092	NCBI BioSample SAMN13474964 alias=Cg_OsHV_21_12hpc_1; isolate=not applicable; collection_date=2019-05-19; tissue=Whole animal; temp=21
CGIG_OSHV1_TEMP_RNASEQ_PRJNA593309	oshv_21C_12h	2	SRR11285568	SRX7891239	Cg_S11	paired	126	10577457	2665519164	https://ftp.sra.ebi.ac.uk/vol1/fastq/SRR112/068/SRR11285568/SRR11285568_1.fastq.gz	https://ftp.sra.ebi.ac.uk/vol1/fastq/SRR112/068/SRR11285568/SRR11285568_2.fastq.gz	599397599	697838192	45b9c7a4e1372d5c5899da1ec7ff9d38	4da49454f0d7c0a2aaba7a6477bb828a	NCBI BioSample SAMN13474965 alias=Cg_OsHV_21_12hpc_2; isolate=not applicable; collection_date=2019-05-19; tissue=Whole animal; temp=21
CGIG_OSHV1_TEMP_RNASEQ_PRJNA593309	oshv_21C_12h	3	SRR11285567	SRX7891240	Cg_S12	paired	126	8296695	2090767140	https://ftp.sra.ebi.ac.uk/vol1/fastq/SRR112/067/SRR11285567/SRR11285567_1.fastq.gz	https://ftp.sra.ebi.ac.uk/vol1/fastq/SRR112/067/SRR11285567/SRR11285567_2.fastq.gz	487502201	559704905	7b60bc050a036ccb7c90d417285d483c	14d4a68a57755f86839f79ce55abbb3c	NCBI BioSample SAMN13474966 alias=Cg_OsHV_21_12hpc_3; isolate=not applicable; collection_date=2019-05-19; tissue=Whole animal; temp=21
CGIG_OSHV1_TEMP_RNASEQ_PRJNA593309	oshv_21C_48h	1	SRR11285552	SRX7891255	Cg_S28	paired	126	9017377	2272379004	https://ftp.sra.ebi.ac.uk/vol1/fastq/SRR112/052/SRR11285552/SRR11285552_1.fastq.gz	https://ftp.sra.ebi.ac.uk/vol1/fastq/SRR112/052/SRR11285552/SRR11285552_2.fastq.gz	520811702	580246440	71bee66053e6379b8cf351e4d1c24b54	aabd9f37af53b1f737553902ce5707da	NCBI BioSample SAMN13474980 alias=Cg_OsHV_21_48hpc_1; isolate=not applicable; collection_date=2019-05-21; tissue=Whole animal; temp=21
CGIG_OSHV1_TEMP_RNASEQ_PRJNA593309	oshv_21C_48h	2	SRR11285551	SRX7891256	Cg_S29	paired	126	7799605	1965500460	https://ftp.sra.ebi.ac.uk/vol1/fastq/SRR112/051/SRR11285551/SRR11285551_1.fastq.gz	https://ftp.sra.ebi.ac.uk/vol1/fastq/SRR112/051/SRR11285551/SRR11285551_2.fastq.gz	459808994	510538546	c684a6d388d32dbd60d72617a015e6c3	59b1885dedec81109f8d166a1d03e6ef	NCBI BioSample SAMN13474981 alias=Cg_OsHV_21_48hpc_2; isolate=not applicable; collection_date=2019-05-21; tissue=Whole animal; temp=21
CGIG_OSHV1_TEMP_RNASEQ_PRJNA593309	oshv_21C_48h	3	SRR11285550	SRX7891257	Cg_S30	paired	126	8841265	2227998780	https://ftp.sra.ebi.ac.uk/vol1/fastq/SRR112/050/SRR11285550/SRR11285550_1.fastq.gz	https://ftp.sra.ebi.ac.uk/vol1/fastq/SRR112/050/SRR11285550/SRR11285550_2.fastq.gz	522961870	587454614	cead35c8430b5c592cbdb34000e92248	ffa6785138495c8ef71b4e2be4ac9273	NCBI BioSample SAMN13474982 alias=Cg_OsHV_21_48hpc_3; isolate=not applicable; collection_date=2019-05-21; tissue=Whole animal; temp=21
CGIG_OSHV1_TEMP_RNASEQ_PRJNA593309	oshv_29C_12h	1	SRR11285564	SRX7891243	Cg_S16	paired	126	7092830	1787393160	https://ftp.sra.ebi.ac.uk/vol1/fastq/SRR112/064/SRR11285564/SRR11285564_1.fastq.gz	https://ftp.sra.ebi.ac.uk/vol1/fastq/SRR112/064/SRR11285564/SRR11285564_2.fastq.gz	439748294	491669681	c74496c1cfd4e4462d0f5e207059ccf9	db526c62e0436b19214adba6797f8ce2	NCBI BioSample SAMN13474969 alias=Cg_OsHV_29_12hpc_1; isolate=not applicable; collection_date=2019-05-19; tissue=Whole animal; temp=29
CGIG_OSHV1_TEMP_RNASEQ_PRJNA593309	oshv_29C_12h	2	SRR11285563	SRX7891244	Cg_S17	paired	126	7467530	1881817560	https://ftp.sra.ebi.ac.uk/vol1/fastq/SRR112/063/SRR11285563/SRR11285563_1.fastq.gz	https://ftp.sra.ebi.ac.uk/vol1/fastq/SRR112/063/SRR11285563/SRR11285563_2.fastq.gz	431666659	475044295	cb7b0ea5d57b03482b46a5b4e16cedf3	4b4a3cc243fad7991b828f9831c296a1	NCBI BioSample SAMN13474970 alias=Cg_OsHV_29_12hpc_2; isolate=not applicable; collection_date=2019-05-19; tissue=Whole animal; temp=29
CGIG_OSHV1_TEMP_RNASEQ_PRJNA593309	oshv_29C_12h	3	SRR11285562	SRX7891245	Cg_S18	paired	126	7320975	1844885700	https://ftp.sra.ebi.ac.uk/vol1/fastq/SRR112/062/SRR11285562/SRR11285562_1.fastq.gz	https://ftp.sra.ebi.ac.uk/vol1/fastq/SRR112/062/SRR11285562/SRR11285562_2.fastq.gz	427990362	455801318	943353835ac321b2c2619f5d35431336	bafffbe3f9e62964f679f3545ceaf68d	NCBI BioSample SAMN13474971 alias=Cg_OsHV_29_12hpc_3; isolate=not applicable; collection_date=2019-05-19; tissue=Whole animal; temp=29
