direction	source	term_id	term_name	adjusted_p_value	significant	term_size	query_size	intersection_size	effective_domain_size	precision	recall	intersection_gene_ids
selected_higher	GO:MF	GO:0003723	RNA binding	1.8872546518830933e-11	True	463	4353	171	19814	0.039283252929014474	0.3693304535637149	
selected_higher	GO:BP	GO:0006396	RNA processing	5.923454539708824e-11	True	316	4353	127	19814	0.029175281415116012	0.40189873417721517	
selected_higher	GO:CC	GO:1990904	ribonucleoprotein complex	1.6141061520613166e-08	True	226	4353	92	19814	0.021134849529060418	0.40707964601769914	
selected_higher	GO:BP	GO:0016070	RNA metabolic process	7.057715816666777e-06	True	1029	4353	300	19814	0.06891798759476224	0.2915451895043732	
selected_higher	GO:MF	GO:0003676	nucleic acid binding	1.1480918821160581e-05	True	1464	4353	405	19814	0.09303928325292901	0.2766393442622951	
selected_higher	GO:BP	GO:0000377	RNA splicing, via transesterification reactions with bulged adenosine as nucleophile	2.0531742011276455e-05	True	90	4353	43	19814	0.009878244888582587	0.4777777777777778	
selected_higher	GO:BP	GO:0000398	mRNA splicing, via spliceosome	2.0531742011276455e-05	True	90	4353	43	19814	0.009878244888582587	0.4777777777777778	
selected_higher	GO:BP	GO:0006397	mRNA processing	2.5035029276359504e-05	True	140	4353	59	19814	0.013553870893636572	0.42142857142857143	
selected_higher	GO:BP	GO:0000375	RNA splicing, via transesterification reactions	3.0686916440547e-05	True	91	4353	43	19814	0.009878244888582587	0.4725274725274725	
selected_higher	GO:BP	GO:0016071	mRNA metabolic process	3.076766280103784e-05	True	170	4353	68	19814	0.01562141052147944	0.4	
selected_higher	GO:BP	GO:0010467	gene expression	3.1042449118366214e-05	True	1346	4353	375	19814	0.08614748449345279	0.2786032689450223	
selected_higher	GO:BP	GO:0032774	RNA biosynthetic process	8.385730130792266e-05	True	942	4353	272	19814	0.06248564208591776	0.28874734607218683	
selected_higher	GO:BP	GO:0008380	RNA splicing	0.00010115250219196009	True	119	4353	51	19814	0.01171605789110958	0.42857142857142855	
selected_higher	GO:BP	GO:0090304	nucleic acid metabolic process	0.00010616757182463909	True	1422	4353	390	19814	0.08959338387319091	0.2742616033755274	
selected_higher	GO:BP	GO:0009059	macromolecule biosynthetic process	0.0001979549529641904	True	1397	4353	382	19814	0.08775557087066391	0.2734430923407301	
selected_higher	GO:BP	GO:0141187	nucleic acid biosynthetic process	0.00020252789936646255	True	955	4353	273	19814	0.06271536871123363	0.2858638743455497	
selected_higher	GO:BP	GO:0022613	ribonucleoprotein complex biogenesis	0.0002271430128405681	True	151	4353	60	19814	0.013783597518952447	0.3973509933774834	
selected_higher	GO:CC	GO:0022626	cytosolic ribosome	0.0005748801235818936	True	54	4353	27	19814	0.006202618883528601	0.5	
selected_higher	GO:CC	GO:0005681	spliceosomal complex	0.001365864383729794	True	56	4353	27	19814	0.006202618883528601	0.48214285714285715	
selected_higher	GO:MF	GO:0003735	structural constituent of ribosome	0.0019308624691558513	True	115	4353	46	19814	0.010567424764530209	0.4	
selected_higher	GO:CC	GO:0005840	ribosome	0.0020530610112596045	True	121	4353	47	19814	0.010797151389846084	0.3884297520661157	
selected_higher	GO:MF	GO:0140640	catalytic activity, acting on a nucleic acid	0.002175492459820784	True	375	4353	118	19814	0.027107741787273144	0.31466666666666665	
selected_higher	GO:BP	GO:0034654	nucleobase-containing compound biosynthetic process	0.005951905140725533	True	1063	4353	290	19814	0.06662072134160349	0.27281279397930386	
selected_higher	GO:CC	GO:0044391	ribosomal subunit	0.006059855226407288	True	82	4353	34	19814	0.00781070526073972	0.4146341463414634	
selected_higher	GO:CC	GO:0099023	vesicle tethering complex	0.008824594819431514	True	26	4353	15	19814	0.0034458993797381117	0.5769230769230769	
selected_higher	GO:MF	GO:0005044	scavenger receptor activity	0.01068349004602193	True	69	4353	30	19814	0.006891798759476223	0.43478260869565216	
selected_higher	GO:MF	GO:0038024	cargo receptor activity	0.01479571715730554	True	70	4353	30	19814	0.006891798759476223	0.42857142857142855	
selected_higher	GO:BP	GO:0006412	translation	0.022509839206413335	True	222	4353	74	19814	0.016999770273374685	0.3333333333333333	
selected_higher	GO:BP	GO:0160307	protein biosynthetic process	0.022509839206413335	True	222	4353	74	19814	0.016999770273374685	0.3333333333333333	
selected_higher	GO:CC	GO:0140513	nuclear protein-containing complex	0.023454219976961725	True	341	4353	103	19814	0.023661842407535032	0.3020527859237537	
selected_higher	GO:BP	GO:0042254	ribosome biogenesis	0.028517054548896945	True	113	4353	43	19814	0.009878244888582587	0.3805309734513274	
selected_higher	GO:CC	GO:0022627	cytosolic small ribosomal subunit	0.035086336062538886	True	23	4353	13	19814	0.0029864461291063634	0.5652173913043478	
selected_higher	GO:CC	GO:0005730	nucleolus	0.03750019530183795	True	72	4353	29	19814	0.006662072134160349	0.4027777777777778	
selected_higher	GO:MF	GO:0005198	structural molecule activity	0.04536517627204038	True	186	4353	62	19814	0.014243050769584195	0.3333333333333333	
selected_higher	GO:CC	GO:0015935	small ribosomal subunit	0.04954971859995543	True	38	4353	18	19814	0.004135079255685734	0.47368421052631576	
selected_lower	GO:MF	GO:0003824	catalytic activity	8.120168649304694e-27	True	3998	4449	1167	19814	0.26230613621038434	0.291895947973987	IEA
selected_lower	GO:BP	GO:0044281	small molecule metabolic process	4.462434323325229e-13	True	419	4449	166	19814	0.03731175545066307	0.39618138424821003	
selected_lower	GO:CC	GO:0005856	cytoskeleton	8.743969464891952e-12	True	363	4449	144	19814	0.03236682400539447	0.39669421487603307	
selected_lower	GO:BP	GO:0006793	phosphorus metabolic process	8.911095871160694e-12	True	748	4449	257	19814	0.05776579006518319	0.34358288770053474	IEA
selected_lower	GO:BP	GO:0006796	phosphate-containing compound metabolic process	9.875746445375444e-12	True	745	4449	256	19814	0.057541020454034614	0.3436241610738255	IEA
selected_lower	GO:MF	GO:0016740	transferase activity	1.6465618148234294e-11	True	1347	4449	416	19814	0.09350415823780625	0.3088344469190794	IEA
selected_lower	GO:MF	GO:0016491	oxidoreductase activity	5.625489712841779e-11	True	601	4449	212	19814	0.047651157563497415	0.3527454242928453	
selected_lower	GO:MF	GO:1901363	heterocyclic compound binding	3.6062125617282796e-10	True	1481	4449	444	19814	0.09979770734996629	0.299797434166104	IEA
selected_lower	GO:MF	GO:0140096	catalytic activity, acting on a protein	6.281578630901104e-10	True	1285	4449	392	19814	0.0881096875702405	0.3050583657587549	IEA
selected_lower	GO:BP	GO:0006082	organic acid metabolic process	1.3455855264865552e-09	True	179	4449	82	19814	0.018431108114182963	0.4581005586592179	
selected_lower	GO:BP	GO:0043436	oxoacid metabolic process	1.3488755520230588e-09	True	176	4449	81	19814	0.01820633850303439	0.4602272727272727	
selected_lower	GO:BP	GO:0019752	carboxylic acid metabolic process	1.9495438939747274e-09	True	171	4449	79	19814	0.017756799280737243	0.4619883040935672	
selected_lower	GO:CC	GO:0005737	cytoplasm	5.061061757088398e-09	True	1662	4449	482	19814	0.10833895257361205	0.29001203369434414	
selected_lower	GO:CC	GO:0005575	cellular_component	5.369549535084336e-09	True	5094	4449	1312	19814	0.2948977298269274	0.25755791126815863	IEA
selected_lower	GO:MF	GO:0043168	anion binding	7.21859198932602e-09	True	1458	4449	431	19814	0.09687570240503483	0.2956104252400549	IEA
selected_lower	GO:CC	GO:0110165	cellular anatomical structure	9.944398850275266e-09	True	4998	4449	1287	19814	0.28927848954821306	0.2575030012004802	IEA
selected_lower	GO:MF	GO:0016301	kinase activity	1.530785791896015e-08	True	451	4449	161	19814	0.036187907394920206	0.35698447893569846	IEA
selected_lower	GO:MF	GO:0008569	minus-end-directed microtubule motor activity	2.4398108048148482e-08	True	25	4449	21	19814	0.004720161834120027	0.84	
selected_lower	GO:BP	GO:0008150	biological_process	4.936574433872401e-08	True	6923	4449	1733	19814	0.38952573612047653	0.25032500361115123	IEA
selected_lower	GO:BP	GO:0007018	microtubule-based movement	6.566017299453366e-08	True	121	4449	59	19814	0.01326140705776579	0.48760330578512395	
selected_lower	GO:MF	GO:1901265	nucleoside phosphate binding	1.082325100177126e-07	True	1406	4449	411	19814	0.09238031018206339	0.2923186344238976	IEA
selected_lower	GO:MF	GO:0016772	transferase activity, transferring phosphorus-containing groups	1.0964023100940261e-07	True	533	4449	181	19814	0.04068329961789166	0.3395872420262664	IEA
selected_lower	GO:MF	GO:0016773	phosphotransferase activity, alcohol group as acceptor	1.427391030883948e-07	True	396	4449	142	19814	0.03191728478309733	0.35858585858585856	IEA
selected_lower	GO:MF	GO:0000166	nucleotide binding	1.43991827420452e-07	True	1401	4449	409	19814	0.09193077095976623	0.2919343326195575	IEA
selected_lower	GO:MF	GO:0003774	cytoskeletal motor activity	1.6370589320257304e-07	True	82	4449	44	19814	0.009889862890537199	0.5365853658536586	
selected_lower	GO:MF	GO:0003777	microtubule motor activity	1.7104436338801235e-07	True	61	4449	36	19814	0.008091706001348618	0.5901639344262295	
selected_lower	GO:CC	GO:0016020	membrane	2.391242569259513e-07	True	2638	4449	712	19814	0.16003596313778376	0.2699014404852161	IEA
selected_lower	GO:MF	GO:0051959	dynein light intermediate chain binding	2.480760458513262e-07	True	33	4449	24	19814	0.005394470667565745	0.7272727272727273	
selected_lower	GO:MF	GO:0030554	adenyl nucleotide binding	2.7532905204281404e-07	True	1022	4449	310	19814	0.06967857945605754	0.30332681017612523	IEA
selected_lower	GO:BP	GO:0009987	cellular process	3.569935050505405e-07	True	6666	4449	1665	19814	0.3742414025623736	0.24977497749774977	IEA
selected_lower	GO:MF	GO:0004672	protein kinase activity	5.307661575715852e-07	True	340	4449	124	19814	0.027871431782423017	0.36470588235294116	IEA
selected_lower	GO:CC	GO:0015630	microtubule cytoskeleton	5.593450067225609e-07	True	186	4449	77	19814	0.017307260058440098	0.41397849462365593	
selected_lower	GO:BP	GO:0016310	phosphorylation	6.96528935531374e-07	True	349	4449	127	19814	0.028545740615868734	0.3638968481375358	IEA
selected_lower	GO:BP	GO:0005975	carbohydrate metabolic process	8.794994623177344e-07	True	235	4449	93	19814	0.020903573836817263	0.39574468085106385	
selected_lower	GO:CC	GO:0030286	dynein complex	8.943843618753484e-07	True	52	4449	31	19814	0.006967857945605754	0.5961538461538461	
selected_lower	GO:MF	GO:0045505	dynein intermediate chain binding	9.873758362157466e-07	True	39	4449	26	19814	0.005844009889862891	0.6666666666666666	
selected_lower	GO:MF	GO:0005509	calcium ion binding	1.1605210737324205e-06	True	566	4449	186	19814	0.041807147673634526	0.3286219081272085	
selected_lower	GO:MF	GO:0120544	polypeptide conformation or assembly isomerase activity	2.1951026811872293e-06	True	68	4449	37	19814	0.00831647561249719	0.5441176470588235	
selected_lower	GO:BP	GO:0006468	protein phosphorylation	2.2869249475467628e-06	True	341	4449	123	19814	0.027646662171274445	0.36070381231671556	IEA
selected_lower	GO:MF	GO:0005524	ATP binding	4.378749250172354e-06	True	958	4449	287	19814	0.06450887839964037	0.29958246346555323	IEA
selected_lower	GO:MF	GO:0032559	adenyl ribonucleotide binding	4.507110614355975e-06	True	966	4449	289	19814	0.06495841762193752	0.2991718426501035	IEA
selected_lower	GO:CC	GO:0042995	cell projection	1.111325600321871e-05	True	184	4449	73	19814	0.01640818161384581	0.3967391304347826	
selected_lower	GO:CC	GO:0005929	cilium	1.1564282522280688e-05	True	108	4449	49	19814	0.011013710946280062	0.4537037037037037	
selected_lower	GO:BP	GO:0036211	protein modification process	1.3414365674640532e-05	True	771	4449	237	19814	0.053270397842211735	0.30739299610894943	IEA
selected_lower	GO:BP	GO:0007017	microtubule-based process	1.5424983200669348e-05	True	220	4449	85	19814	0.01910541694762868	0.38636363636363635	
selected_lower	GO:MF	GO:0017076	purine nucleotide binding	1.6445872978823716e-05	True	1297	4449	370	19814	0.0831647561249719	0.28527370855821127	IEA
selected_lower	GO:MF	GO:0003674	molecular_function	1.9551256893859913e-05	True	10890	4449	2598	19814	0.5839514497639919	0.23856749311294767	IEA
selected_lower	GO:MF	GO:0097367	carbohydrate derivative binding	4.719269156490654e-05	True	1329	4449	375	19814	0.08428860418071477	0.28216704288939054	IEA
selected_lower	GO:MF	GO:0016614	oxidoreductase activity, acting on CH-OH group of donors	5.852188010161145e-05	True	58	4449	31	19814	0.006967857945605754	0.5344827586206896	
selected_lower	GO:MF	GO:0004674	protein serine/threonine kinase activity	6.46557948810062e-05	True	114	4449	50	19814	0.011238480557428635	0.43859649122807015	IEA
selected_lower	GO:CC	GO:0005875	microtubule associated complex	6.564522591204203e-05	True	71	4449	35	19814	0.007866936390200046	0.49295774647887325	
selected_lower	GO:MF	GO:0032553	ribonucleotide binding	0.00010918776638148059	True	1251	4449	353	19814	0.07934367273544617	0.2821742605915268	IEA
selected_lower	GO:CC	GO:0120025	plasma membrane bounded cell projection	0.0001955584822550185	True	169	4449	65	19814	0.014610024724657226	0.38461538461538464	
selected_lower	GO:BP	GO:0019637	organophosphate metabolic process	0.00021580162436234528	True	284	4449	100	19814	0.02247696111485727	0.352112676056338	
selected_lower	GO:MF	GO:0032555	purine ribonucleotide binding	0.00023194998291225518	True	1240	4449	348	19814	0.0782198246797033	0.2806451612903226	IEA
selected_lower	GO:MF	GO:0035639	purine ribonucleoside triphosphate binding	0.00023205444714265074	True	1232	4449	346	19814	0.07777028545740616	0.28084415584415584	IEA
selected_lower	GO:BP	GO:0055086	nucleobase-containing small molecule metabolic process	0.00024074737058914434	True	188	4449	72	19814	0.016183412002697236	0.3829787234042553	
selected_lower	GO:BP	GO:0170039	proteinogenic amino acid metabolic process	0.0004565103182631658	True	42	4449	24	19814	0.005394470667565745	0.5714285714285714	
selected_lower	GO:CC	GO:0005886	plasma membrane	0.00051616075232321	True	451	4449	142	19814	0.03191728478309733	0.3148558758314856	IEA
selected_lower	GO:BP	GO:0006730	one-carbon metabolic process	0.0005502799515500588	True	9	4449	9	19814	0.0020229265003371545	1.0	
selected_lower	GO:BP	GO:0032787	monocarboxylic acid metabolic process	0.0008108579281604165	True	77	4449	36	19814	0.008091706001348618	0.4675324675324675	
selected_lower	GO:MF	GO:0005515	protein binding	0.0010230394355554675	True	3446	4449	874	19814	0.19644864014385255	0.2536273940800929	
selected_lower	GO:BP	GO:0006091	generation of precursor metabolites and energy	0.0011791461058445738	True	75	4449	35	19814	0.007866936390200046	0.4666666666666667	
selected_lower	GO:MF	GO:0019842	vitamin binding	0.001419478003421621	True	77	4449	35	19814	0.007866936390200046	0.45454545454545453	
selected_lower	GO:CC	GO:0097014	ciliary plasm	0.0015659395208040166	True	28	4449	17	19814	0.003821083389525736	0.6071428571428571	
selected_lower	GO:BP	GO:0170033	L-amino acid metabolic process	0.0017038091208137463	True	39	4449	22	19814	0.004944931445268599	0.5641025641025641	
selected_lower	GO:MF	GO:0016769	transferase activity, transferring nitrogenous groups	0.0017040631641390205	True	20	4449	14	19814	0.003146774556080018	0.7	
selected_lower	GO:MF	GO:0005488	binding	0.001787302582485874	True	7664	4449	1845	19814	0.41469993256911664	0.2407359081419624	IEA
selected_lower	GO:CC	GO:0071944	cell periphery	0.002136019719032253	True	489	4449	149	19814	0.03349067206113734	0.3047034764826176	IEA
selected_lower	GO:CC	GO:0005622	intracellular anatomical structure	0.0023653317225196275	True	2725	4449	696	19814	0.1564396493594066	0.25541284403669723	
selected_lower	GO:BP	GO:0009225	nucleotide-sugar metabolic process	0.002454142022157276	True	8	4449	8	19814	0.0017981568891885817	1.0	
selected_lower	GO:MF	GO:0030170	pyridoxal phosphate binding	0.002469046702256253	True	49	4449	25	19814	0.005619240278714317	0.5102040816326531	
selected_lower	GO:MF	GO:0070279	vitamin B6 binding	0.002469046702256253	True	49	4449	25	19814	0.005619240278714317	0.5102040816326531	
selected_lower	GO:BP	GO:0008152	metabolic process	0.0028875007633564894	True	3912	4449	981	19814	0.22049898853674982	0.25076687116564417	IEA
selected_lower	GO:MF	GO:0016787	hydrolase activity	0.002960542593006128	True	1583	4449	424	19814	0.09530231512699483	0.26784586228679724	
selected_lower	GO:BP	GO:0015980	energy derivation by oxidation of organic compounds	0.003552936611631861	True	63	4449	30	19814	0.006743088334457181	0.47619047619047616	
selected_lower	GO:MF	GO:0004553	hydrolase activity, hydrolyzing O-glycosyl compounds	0.00423293580825942	True	122	4449	48	19814	0.01078894133513149	0.39344262295081966	
selected_lower	GO:CC	GO:0005930	axoneme	0.004294012013225368	True	27	4449	16	19814	0.0035963137783771634	0.5925925925925926	
selected_lower	GO:BP	GO:0043412	macromolecule modification	0.004433423660043553	True	838	4449	240	19814	0.05394470667565745	0.2863961813842482	IEA
selected_lower	GO:BP	GO:0046496	nicotinamide nucleotide metabolic process	0.005135371739601597	True	33	4449	19	19814	0.004270622611822881	0.5757575757575758	
selected_lower	GO:MF	GO:0016835	carbon-oxygen lyase activity	0.00528092974804478	True	34	4449	19	19814	0.004270622611822881	0.5588235294117647	
selected_lower	GO:MF	GO:0008483	transaminase activity	0.005369823408103004	True	19	4449	13	19814	0.0029220049449314453	0.6842105263157895	
selected_lower	GO:MF	GO:0016616	oxidoreductase activity, acting on the CH-OH group of donors, NAD or NADP as acceptor	0.005703733804620758	True	48	4449	24	19814	0.005394470667565745	0.5	
selected_lower	GO:MF	GO:0000287	magnesium ion binding	0.007796408763629685	True	43	4449	22	19814	0.004944931445268599	0.5116279069767442	
selected_lower	GO:BP	GO:0072524	pyridine-containing compound metabolic process	0.008403664592221938	True	42	4449	22	19814	0.004944931445268599	0.5238095238095238	
selected_lower	GO:MF	GO:0016645	oxidoreductase activity, acting on the CH-NH group of donors	0.008668251704675773	True	15	4449	11	19814	0.0024724657226342997	0.7333333333333333	
selected_lower	GO:MF	GO:0016702	oxidoreductase activity, acting on single donors with incorporation of molecular oxygen, incorporation of two atoms of oxygen	0.008776357886679919	True	27	4449	16	19814	0.0035963137783771634	0.5925925925925926	
selected_lower	GO:MF	GO:0016798	hydrolase activity, acting on glycosyl bonds	0.009043035205896192	True	142	4449	53	19814	0.011912789390874354	0.3732394366197183	
selected_lower	GO:MF	GO:0061631	ubiquitin conjugating enzyme activity	0.010161140591662138	True	9	4449	8	19814	0.0017981568891885817	0.8888888888888888	
selected_lower	GO:BP	GO:1901605	alpha-amino acid metabolic process	0.010832076049660185	True	54	4449	26	19814	0.005844009889862891	0.48148148148148145	
selected_lower	GO:BP	GO:0051246	regulation of protein metabolic process	0.011071368967040085	True	66	4449	30	19814	0.006743088334457181	0.45454545454545453	
selected_lower	GO:BP	GO:0141124	intracellular signaling cassette	0.011506204657298194	True	144	4449	54	19814	0.012137559002022926	0.375	
selected_lower	GO:MF	GO:0016903	oxidoreductase activity, acting on the aldehyde or oxo group of donors	0.012558036942581279	True	25	4449	15	19814	0.0033715441672285905	0.6	
selected_lower	GO:MF	GO:0016836	hydro-lyase activity	0.013353773458455473	True	33	4449	18	19814	0.004045853000674309	0.5454545454545454	
selected_lower	GO:CC	GO:0031984	organelle subcompartment	0.015468232585626194	True	141	4449	51	19814	0.011463250168577209	0.3617021276595745	
selected_lower	GO:BP	GO:0006753	nucleoside phosphate metabolic process	0.015545627578497371	True	173	4449	62	19814	0.013935715891211509	0.3583815028901734	
selected_lower	GO:MF	GO:0016701	oxidoreductase activity, acting on single donors with incorporation of molecular oxygen	0.016210754269535752	True	28	4449	16	19814	0.0035963137783771634	0.5714285714285714	
selected_lower	GO:CC	GO:0012505	endomembrane system	0.016857943584781106	True	446	4449	133	19814	0.029894358282760172	0.2982062780269058	
selected_lower	GO:BP	GO:0060294	cilium movement involved in cell motility	0.019296599351459727	True	11	4449	9	19814	0.0020229265003371545	0.8181818181818182	
selected_lower	GO:MF	GO:0008092	cytoskeletal protein binding	0.022948966372595525	True	221	4449	74	19814	0.01663295122499438	0.334841628959276	
selected_lower	GO:CC	GO:0019898	extrinsic component of membrane	0.024116069978248732	True	22	4449	13	19814	0.0029220049449314453	0.5909090909090909	
selected_lower	GO:MF	GO:0008017	microtubule binding	0.024468073948920442	True	86	4449	35	19814	0.007866936390200046	0.4069767441860465	
selected_lower	GO:BP	GO:0006090	pyruvate metabolic process	0.0311541533297189	True	23	4449	14	19814	0.003146774556080018	0.6086956521739131	
selected_lower	GO:BP	GO:0009056	catabolic process	0.03414223832510348	True	395	4449	121	19814	0.027197122948977297	0.30632911392405066	
selected_lower	GO:MF	GO:0016646	oxidoreductase activity, acting on the CH-NH group of donors, NAD or NADP as acceptor	0.04071062486106265	True	10	4449	8	19814	0.0017981568891885817	0.8	
selected_lower	GO:BP	GO:0009063	amino acid catabolic process	0.0409380943966099	True	26	4449	15	19814	0.0033715441672285905	0.5769230769230769	
selected_lower	GO:BP	GO:0006575	modified amino acid metabolic process	0.0431509010126622	True	37	4449	19	19814	0.004270622611822881	0.5135135135135135	
selected_lower	GO:CC	GO:0031090	organelle membrane	0.048327326814013465	True	394	4449	117	19814	0.026298044504383007	0.2969543147208122	
